category,product,size,quantity,price
Stickers,Stickers transparentes,3cm x 3cm,50,68
Stickers,Stickers transparentes,3cm x 3cm,100,90
Stickers,Stickers transparentes,3cm x 3cm,200,120
Stickers,Stickers transparentes,3cm x 3cm,300,150
Stickers,Stickers transparentes,3cm x 3cm,500,230
Stickers,Stickers transparentes,3cm x 3cm,1000,400
Stickers,Stickers transparentes,3cm x 3cm,2000,620
Stickers,Stickers transparentes,5cm x 5cm,50,100
Stickers,Stickers transparentes,5cm x 5cm,100,144
Stickers,Stickers transparentes,5cm x 5cm,200,223
Stickers,Stickers transparentes,5cm x 5cm,300,294
Stickers,Stickers transparentes,5cm x 5cm,500,424
Stickers,Stickers transparentes,5cm x 5cm,1000,714
Stickers,Stickers transparentes,5cm x 5cm,2000,1224
Stickers,Stickers transparentes,7cm x 7cm,50,140
Stickers,Stickers transparentes,7cm x 7cm,100,200
Stickers,Stickers transparentes,7cm x 7cm,200,340
Stickers,Stickers transparentes,7cm x 7cm,300,470
Stickers,Stickers transparentes,7cm x 7cm,500,690
Stickers,Stickers transparentes,7cm x 7cm,1000,1190
Stickers,Stickers transparentes,7cm x 7cm,2000,2058
Stickers,Stickers transparentes,10cm x 10cm,50,160
Stickers,Stickers transparentes,10cm x 10cm,100,300
Stickers,Stickers transparentes,10cm x 10cm,200,550
Stickers,Stickers transparentes,10cm x 10cm,300,750
Stickers,Stickers transparentes,10cm x 10cm,500,1020
Stickers,Stickers transparentes,10cm x 10cm,1000,2200
Stickers,Stickers transparentes,10cm x 10cm,2000,4050
Stickers,Stickers transparentes,13cm x 13cm,50,90
Stickers,Stickers transparentes,13cm x 13cm,100,160
Stickers,Stickers transparentes,13cm x 13cm,200,260
Stickers,Stickers transparentes,13cm x 13cm,300,360
Stickers,Stickers transparentes,13cm x 13cm,500,460
Stickers,Stickers transparentes,13cm x 13cm,1000,940
Stickers,Stickers transparentes,13cm x 13cm,2000,1600
Stickers,Stickers troquelados,3cm x 3cm,50,68
Stickers,Stickers troquelados,3cm x 3cm,100,90
Stickers,Stickers troquelados,3cm x 3cm,200,120
Stickers,Stickers troquelados,3cm x 3cm,300,150
Stickers,Stickers troquelados,3cm x 3cm,500,230
Stickers,Stickers troquelados,3cm x 3cm,1000,400
Stickers,Stickers troquelados,3cm x 3cm,2000,620
Stickers,Stickers troquelados,5cm x 5cm,50,100
Stickers,Stickers troquelados,5cm x 5cm,100,144
Stickers,Stickers troquelados,5cm x 5cm,200,223
Stickers,Stickers troquelados,5cm x 5cm,300,294
Stickers,Stickers troquelados,5cm x 5cm,500,424
Stickers,Stickers troquelados,5cm x 5cm,1000,714
Stickers,Stickers troquelados,5cm x 5cm,2000,1224
Stickers,Stickers troquelados,7cm x 7cm,50,140
Stickers,Stickers troquelados,7cm x 7cm,100,200
Stickers,Stickers troquelados,7cm x 7cm,200,340
Stickers,Stickers troquelados,7cm x 7cm,300,470
Stickers,Stickers troquelados,7cm x 7cm,500,690
Stickers,Stickers troquelados,7cm x 7cm,1000,1190
Stickers,Stickers troquelados,7cm x 7cm,2000,2058
Stickers,Stickers troquelados,10cm x 10cm,50,160
Stickers,Stickers troquelados,10cm x 10cm,100,300
Stickers,Stickers troquelados,10cm x 10cm,200,550
Stickers,Stickers troquelados,10cm x 10cm,300,750
Stickers,Stickers troquelados,10cm x 10cm,500,1020
Stickers,Stickers troquelados,10cm x 10cm,1000,2050
Stickers,Stickers troquelados,10cm x 10cm,2000,4050
Stickers,Stickers troquelados,13cm x 13cm,50,90
Stickers,Stickers troquelados,13cm x 13cm,100,160
Stickers,Stickers troquelados,13cm x 13cm,200,260
Stickers,Stickers troquelados,13cm x 13cm,300,360
Stickers,Stickers troquelados,13cm x 13cm,500,460
Stickers,Stickers troquelados,13cm x 13cm,1000,940
Stickers,Stickers troquelados,13cm x 13cm,2000,1600
Stickers,Stickers semitroquelados,3cm x 3cm,50,68
Stickers,Stickers semitroquelados,3cm x 3cm,100,90
Stickers,Stickers semitroquelados,3cm x 3cm,200,120
Stickers,Stickers semitroquelados,3cm x 3cm,300,150
Stickers,Stickers semitroquelados,3cm x 3cm,500,230
Stickers,Stickers semitroquelados,3cm x 3cm,1000,400
Stickers,Stickers semitroquelados,3cm x 3cm,2000,620
Stickers,Stickers semitroquelados,5cm x 5cm,50,100
Stickers,Stickers semitroquelados,5cm x 5cm,100,144
Stickers,Stickers semitroquelados,5cm x 5cm,200,223
Stickers,Stickers semitroquelados,5cm x 5cm,300,294
Stickers,Stickers semitroquelados,5cm x 5cm,500,424
Stickers,Stickers semitroquelados,5cm x 5cm,1000,714
Stickers,Stickers semitroquelados,5cm x 5cm,2000,1224
Stickers,Stickers semitroquelados,7cm x 7cm,50,140
Stickers,Stickers semitroquelados,7cm x 7cm,100,200
Stickers,Stickers semitroquelados,7cm x 7cm,200,340
Stickers,Stickers semitroquelados,7cm x 7cm,300,470
Stickers,Stickers semitroquelados,7cm x 7cm,500,690
Stickers,Stickers semitroquelados,7cm x 7cm,1000,1190
Stickers,Stickers semitroquelados,7cm x 7cm,2000,2058
Stickers,Stickers semitroquelados,10cm x 10cm,50,160
Stickers,Stickers semitroquelados,10cm x 10cm,100,300
Stickers,Stickers semitroquelados,10cm x 10cm,200,550
Stickers,Stickers semitroquelados,10cm x 10cm,300,750
Stickers,Stickers semitroquelados,10cm x 10cm,500,1020
Stickers,Stickers semitroquelados,10cm x 10cm,1000,2050
Stickers,Stickers semitroquelados,10cm x 10cm,2000,4050
Stickers,Stickers semitroquelados,13cm x 13cm,50,100
Stickers,Stickers semitroquelados,13cm x 13cm,100,180
Stickers,Stickers semitroquelados,13cm x 13cm,200,280
Stickers,Stickers semitroquelados,13cm x 13cm,300,360
Stickers,Stickers semitroquelados,13cm x 13cm,500,460
Stickers,Stickers semitroquelados,13cm x 13cm,1000,960
Stickers,Stickers semitroquelados,13cm x 13cm,2000,1800
Stickers,Stickers redondeados,3cm x 3cm,50,68
Stickers,Stickers redondeados,3cm x 3cm,100,90
Stickers,Stickers redondeados,3cm x 3cm,200,120
Stickers,Stickers redondeados,3cm x 3cm,300,150
Stickers,Stickers redondeados,3cm x 3cm,500,230
Stickers,Stickers redondeados,3cm x 3cm,1000,400
Stickers,Stickers redondeados,3cm x 3cm,2000,620
Stickers,Stickers redondeados,5cm x 5cm,50,100
Stickers,Stickers redondeados,5cm x 5cm,100,144
Stickers,Stickers redondeados,5cm x 5cm,200,223
Stickers,Stickers redondeados,5cm x 5cm,300,294
Stickers,Stickers redondeados,5cm x 5cm,500,424
Stickers,Stickers redondeados,5cm x 5cm,1000,714
Stickers,Stickers redondeados,5cm x 5cm,2000,1224
Stickers,Stickers redondeados,7cm x 7cm,50,140
Stickers,Stickers redondeados,7cm x 7cm,100,200
Stickers,Stickers redondeados,7cm x 7cm,200,340
Stickers,Stickers redondeados,7cm x 7cm,300,470
Stickers,Stickers redondeados,7cm x 7cm,500,690
Stickers,Stickers redondeados,7cm x 7cm,1000,1190
Stickers,Stickers redondeados,7cm x 7cm,2000,2058
Stickers,Stickers redondeados,10cm x 10cm,50,160
Stickers,Stickers redondeados,10cm x 10cm,100,300
Stickers,Stickers redondeados,10cm x 10cm,200,550
Stickers,Stickers redondeados,10cm x 10cm,300,750
Stickers,Stickers redondeados,10cm x 10cm,500,1020
Stickers,Stickers redondeados,10cm x 10cm,1000,2050
Stickers,Stickers redondeados,10cm x 10cm,2000,4050
Stickers,Stickers redondeados,13cm x 13cm,50,100
Stickers,Stickers redondeados,13cm x 13cm,100,180
Stickers,Stickers redondeados,13cm x 13cm,200,280
Stickers,Stickers redondeados,13cm x 13cm,300,360
Stickers,Stickers redondeados,13cm x 13cm,500,460
Stickers,Stickers redondeados,13cm x 13cm,1000,960
Stickers,Stickers redondeados,13cm x 13cm,2000,1800
Stickers,Stickers cuadrados,3cm x 3cm,50,68
Stickers,Stickers cuadrados,3cm x 3cm,100,90
Stickers,Stickers cuadrados,3cm x 3cm,200,120
Stickers,Stickers cuadrados,3cm x 3cm,300,150
Stickers,Stickers cuadrados,3cm x 3cm,500,230
Stickers,Stickers cuadrados,3cm x 3cm,1000,400
Stickers,Stickers cuadrados,3cm x 3cm,2000,620
Stickers,Stickers cuadrados,5cm x 5cm,50,100
Stickers,Stickers cuadrados,5cm x 5cm,100,144
Stickers,Stickers cuadrados,5cm x 5cm,200,223
Stickers,Stickers cuadrados,5cm x 5cm,300,294
Stickers,Stickers cuadrados,5cm x 5cm,500,424
Stickers,Stickers cuadrados,5cm x 5cm,1000,714
Stickers,Stickers cuadrados,5cm x 5cm,2000,1224
Stickers,Stickers cuadrados,7cm x 7cm,50,140
Stickers,Stickers cuadrados,7cm x 7cm,100,200
Stickers,Stickers cuadrados,7cm x 7cm,200,340
Stickers,Stickers cuadrados,7cm x 7cm,300,470
Stickers,Stickers cuadrados,7cm x 7cm,500,690
Stickers,Stickers cuadrados,7cm x 7cm,1000,1190
Stickers,Stickers cuadrados,7cm x 7cm,2000,2058
Stickers,Stickers cuadrados,10cm x 10cm,50,160
Stickers,Stickers cuadrados,10cm x 10cm,100,300
Stickers,Stickers cuadrados,10cm x 10cm,200,550
Stickers,Stickers cuadrados,10cm x 10cm,300,750
Stickers,Stickers cuadrados,10cm x 10cm,500,1020
Stickers,Stickers cuadrados,10cm x 10cm,1000,2050
Stickers,Stickers cuadrados,10cm x 10cm,2000,4050
Stickers,Stickers cuadrados,13cm x 13cm,50,100
Stickers,Stickers cuadrados,13cm x 13cm,100,180
Stickers,Stickers cuadrados,13cm x 13cm,200,280
Stickers,Stickers cuadrados,13cm x 13cm,300,360
Stickers,Stickers cuadrados,13cm x 13cm,500,460
Stickers,Stickers cuadrados,13cm x 13cm,1000,960
Stickers,Stickers cuadrados,13cm x 13cm,2000,1800
