"departamento","provincia","distrito","id"
"Amazonas","Chachapoyas","Chachapoyas",1
"Amazonas","Chachapoyas","Asunción",2
"Amazonas","Chachapoyas","Balsas",3
"Amazonas","Chachapoyas","Cheto",4
"Amazonas","Chachapoyas","Chiliquin",5
"Amazonas","Chachapoyas","Chuquibamba",6
"Amazonas","Chachapoyas","Granada",7
"Amazonas","Chachapoyas","Huancas",8
"Amazonas","Chachapoyas","La Jalca",9
"Amazonas","Chachapoyas","Leimebamba",10
"Amazonas","Chachapoyas","Levanto",11
"Amazonas","Chachapoyas","Magdalena",12
"Amazonas","Chachapoyas","Mariscal Castilla",13
"Amazonas","Chachapoyas","Molinopampa",14
"Amazonas","Chachapoyas","Montevideo",15
"Amazonas","Chachapoyas","Olleros",16
"Amazonas","Chachapoyas","Quinjalca",17
"Amazonas","Chachapoyas","San Francisco de Daguas",18
"Amazonas","Chachapoyas","San Isidro de Maino",19
"Amazonas","Chachapoyas","Soloco",20
"Amazonas","Chachapoyas","Sonche",21
"Amazonas","Bagua","Bagua",22
"Amazonas","Bagua","Aramango",23
"Amazonas","Bagua","Copallin",24
"Amazonas","Bagua","El Parco",25
"Amazonas","Bagua","Imaza",26
"Amazonas","Bagua","La Peca",27
"Amazonas","Bongará","Jumbilla",28
"Amazonas","Bongará","Chisquilla",29
"Amazonas","Bongará","Churuja",30
"Amazonas","Bongará","Corosha",31
"Amazonas","Bongará","Cuispes",32
"Amazonas","Bongará","Florida",33
"Amazonas","Bongará","Jazan",34
"Amazonas","Bongará","Recta",35
"Amazonas","Bongará","San Carlos",36
"Amazonas","Bongará","Shipasbamba",37
"Amazonas","Bongará","Valera",38
"Amazonas","Bongará","Yambrasbamba",39
"Amazonas","Condorcanqui","Nieva",40
"Amazonas","Condorcanqui","El Cenepa",41
"Amazonas","Condorcanqui","Río Santiago",42
"Amazonas","Luya","Lamud",43
"Amazonas","Luya","Camporredondo",44
"Amazonas","Luya","Cocabamba",45
"Amazonas","Luya","Colcamar",46
"Amazonas","Luya","Conila",47
"Amazonas","Luya","Inguilpata",48
"Amazonas","Luya","Longuita",49
"Amazonas","Luya","Lonya Chico",50
"Amazonas","Luya","Luya",51
"Amazonas","Luya","Luya Viejo",52
"Amazonas","Luya","María",53
"Amazonas","Luya","Ocalli",54
"Amazonas","Luya","Ocumal",55
"Amazonas","Luya","Pisuquia",56
"Amazonas","Luya","Providencia",57
"Amazonas","Luya","San Cristóbal",58
"Amazonas","Luya","San Francisco de Yeso",59
"Amazonas","Luya","San Jerónimo",60
"Amazonas","Luya","San Juan de Lopecancha",61
"Amazonas","Luya","Santa Catalina",62
"Amazonas","Luya","Santo Tomas",63
"Amazonas","Luya","Tingo",64
"Amazonas","Luya","Trita",65
"Amazonas","Rodríguez de Mendoza","San Nicolás",66
"Amazonas","Rodríguez de Mendoza","Chirimoto",67
"Amazonas","Rodríguez de Mendoza","Cochamal",68
"Amazonas","Rodríguez de Mendoza","Huambo",69
"Amazonas","Rodríguez de Mendoza","Limabamba",70
"Amazonas","Rodríguez de Mendoza","Longar",71
"Amazonas","Rodríguez de Mendoza","Mariscal Benavides",72
"Amazonas","Rodríguez de Mendoza","Milpuc",73
"Amazonas","Rodríguez de Mendoza","Omia",74
"Amazonas","Rodríguez de Mendoza","Santa Rosa",75
"Amazonas","Rodríguez de Mendoza","Totora",76
"Amazonas","Rodríguez de Mendoza","Vista Alegre",77
"Amazonas","Utcubamba","Bagua Grande",78
"Amazonas","Utcubamba","Cajaruro",79
"Amazonas","Utcubamba","Cumba",80
"Amazonas","Utcubamba","El Milagro",81
"Amazonas","Utcubamba","Jamalca",82
"Amazonas","Utcubamba","Lonya Grande",83
"Amazonas","Utcubamba","Yamon",84
"Áncash","Huaraz","Huaraz",85
"Áncash","Huaraz","Cochabamba",86
"Áncash","Huaraz","Colcabamba",87
"Áncash","Huaraz","Huanchay",88
"Áncash","Huaraz","Independencia",89
"Áncash","Huaraz","Jangas",90
"Áncash","Huaraz","La Libertad",91
"Áncash","Huaraz","Olleros",92
"Áncash","Huaraz","Pampas Grande",93
"Áncash","Huaraz","Pariacoto",94
"Áncash","Huaraz","Pira",95
"Áncash","Huaraz","Tarica",96
"Áncash","Aija","Aija",97
"Áncash","Aija","Coris",98
"Áncash","Aija","Huacllan",99
"Áncash","Aija","La Merced",100
"Áncash","Aija","Succha",101
"Áncash","Antonio Raymondi","Llamellin",102
"Áncash","Antonio Raymondi","Aczo",103
"Áncash","Antonio Raymondi","Chaccho",104
"Áncash","Antonio Raymondi","Chingas",105
"Áncash","Antonio Raymondi","Mirgas",106
"Áncash","Antonio Raymondi","San Juan de Rontoy",107
"Áncash","Asunción","Chacas",108
"Áncash","Asunción","Acochaca",109
"Áncash","Bolognesi","Chiquian",110
"Áncash","Bolognesi","Abelardo Pardo Lezameta",111
"Áncash","Bolognesi","Antonio Raymondi",112
"Áncash","Bolognesi","Aquia",113
"Áncash","Bolognesi","Cajacay",114
"Áncash","Bolognesi","Canis",115
"Áncash","Bolognesi","Colquioc",116
"Áncash","Bolognesi","Huallanca",117
"Áncash","Bolognesi","Huasta",118
"Áncash","Bolognesi","Huayllacayan",119
"Áncash","Bolognesi","La Primavera",120
"Áncash","Bolognesi","Mangas",121
"Áncash","Bolognesi","Pacllon",122
"Áncash","Bolognesi","San Miguel de Corpanqui",123
"Áncash","Bolognesi","Ticllos",124
"Áncash","Carhuaz","Carhuaz",125
"Áncash","Carhuaz","Acopampa",126
"Áncash","Carhuaz","Amashca",127
"Áncash","Carhuaz","Anta",128
"Áncash","Carhuaz","Ataquero",129
"Áncash","Carhuaz","Marcara",130
"Áncash","Carhuaz","Pariahuanca",131
"Áncash","Carhuaz","San Miguel de Aco",132
"Áncash","Carhuaz","Shilla",133
"Áncash","Carhuaz","Tinco",134
"Áncash","Carhuaz","Yungar",135
"Áncash","Carlos Fermín Fitzcarrald","San Luis",136
"Áncash","Carlos Fermín Fitzcarrald","San Nicolás",137
"Áncash","Carlos Fermín Fitzcarrald","Yauya",138
"Áncash","Casma","Casma",139
"Áncash","Casma","Buena Vista Alta",140
"Áncash","Casma","Comandante Noel",141
"Áncash","Casma","Yautan",142
"Áncash","Corongo","Corongo",143
"Áncash","Corongo","Aco",144
"Áncash","Corongo","Bambas",145
"Áncash","Corongo","Cusca",146
"Áncash","Corongo","La Pampa",147
"Áncash","Corongo","Yanac",148
"Áncash","Corongo","Yupan",149
"Áncash","Huari","Huari",150
"Áncash","Huari","Anra",151
"Áncash","Huari","Cajay",152
"Áncash","Huari","Chavin de Huantar",153
"Áncash","Huari","Huacachi",154
"Áncash","Huari","Huacchis",155
"Áncash","Huari","Huachis",156
"Áncash","Huari","Huantar",157
"Áncash","Huari","Masin",158
"Áncash","Huari","Paucas",159
"Áncash","Huari","Ponto",160
"Áncash","Huari","Rahuapampa",161
"Áncash","Huari","Rapayan",162
"Áncash","Huari","San Marcos",163
"Áncash","Huari","San Pedro de Chana",164
"Áncash","Huari","Uco",165
"Áncash","Huarmey","Huarmey",166
"Áncash","Huarmey","Cochapeti",167
"Áncash","Huarmey","Culebras",168
"Áncash","Huarmey","Huayan",169
"Áncash","Huarmey","Malvas",170
"Áncash","Huaylas","Caraz",171
"Áncash","Huaylas","Huallanca",172
"Áncash","Huaylas","Huata",173
"Áncash","Huaylas","Huaylas",174
"Áncash","Huaylas","Mato",175
"Áncash","Huaylas","Pamparomas",176
"Áncash","Huaylas","Pueblo Libre",177
"Áncash","Huaylas","Santa Cruz",178
"Áncash","Huaylas","Santo Toribio",179
"Áncash","Huaylas","Yuracmarca",180
"Áncash","Mariscal Luzuriaga","Piscobamba",181
"Áncash","Mariscal Luzuriaga","Casca",182
"Áncash","Mariscal Luzuriaga","Eleazar Guzmán Barron",183
"Áncash","Mariscal Luzuriaga","Fidel Olivas Escudero",184
"Áncash","Mariscal Luzuriaga","Llama",185
"Áncash","Mariscal Luzuriaga","Llumpa",186
"Áncash","Mariscal Luzuriaga","Lucma",187
"Áncash","Mariscal Luzuriaga","Musga",188
"Áncash","Ocros","Ocros",189
"Áncash","Ocros","Acas",190
"Áncash","Ocros","Cajamarquilla",191
"Áncash","Ocros","Carhuapampa",192
"Áncash","Ocros","Cochas",193
"Áncash","Ocros","Congas",194
"Áncash","Ocros","Llipa",195
"Áncash","Ocros","San Cristóbal de Rajan",196
"Áncash","Ocros","San Pedro",197
"Áncash","Ocros","Santiago de Chilcas",198
"Áncash","Pallasca","Cabana",199
"Áncash","Pallasca","Bolognesi",200
"Áncash","Pallasca","Conchucos",201
"Áncash","Pallasca","Huacaschuque",202
"Áncash","Pallasca","Huandoval",203
"Áncash","Pallasca","Lacabamba",204
"Áncash","Pallasca","Llapo",205
"Áncash","Pallasca","Pallasca",206
"Áncash","Pallasca","Pampas",207
"Áncash","Pallasca","Santa Rosa",208
"Áncash","Pallasca","Tauca",209
"Áncash","Pomabamba","Pomabamba",210
"Áncash","Pomabamba","Huayllan",211
"Áncash","Pomabamba","Parobamba",212
"Áncash","Pomabamba","Quinuabamba",213
"Áncash","Recuay","Recuay",214
"Áncash","Recuay","Catac",215
"Áncash","Recuay","Cotaparaco",216
"Áncash","Recuay","Huayllapampa",217
"Áncash","Recuay","Llacllin",218
"Áncash","Recuay","Marca",219
"Áncash","Recuay","Pampas Chico",220
"Áncash","Recuay","Pararin",221
"Áncash","Recuay","Tapacocha",222
"Áncash","Recuay","Ticapampa",223
"Áncash","Santa","Chimbote",224
"Áncash","Santa","Cáceres del Perú",225
"Áncash","Santa","Coishco",226
"Áncash","Santa","Macate",227
"Áncash","Santa","Moro",228
"Áncash","Santa","Nepeña",229
"Áncash","Santa","Samanco",230
"Áncash","Santa","Santa",231
"Áncash","Santa","Nuevo Chimbote",232
"Áncash","Sihuas","Sihuas",233
"Áncash","Sihuas","Acobamba",234
"Áncash","Sihuas","Alfonso Ugarte",235
"Áncash","Sihuas","Cashapampa",236
"Áncash","Sihuas","Chingalpo",237
"Áncash","Sihuas","Huayllabamba",238
"Áncash","Sihuas","Quiches",239
"Áncash","Sihuas","Ragash",240
"Áncash","Sihuas","San Juan",241
"Áncash","Sihuas","Sicsibamba",242
"Áncash","Yungay","Yungay",243
"Áncash","Yungay","Cascapara",244
"Áncash","Yungay","Mancos",245
"Áncash","Yungay","Matacoto",246
"Áncash","Yungay","Quillo",247
"Áncash","Yungay","Ranrahirca",248
"Áncash","Yungay","Shupluy",249
"Áncash","Yungay","Yanama",250
"Apurímac","Abancay","Abancay",251
"Apurímac","Abancay","Chacoche",252
"Apurímac","Abancay","Circa",253
"Apurímac","Abancay","Curahuasi",254
"Apurímac","Abancay","Huanipaca",255
"Apurímac","Abancay","Lambrama",256
"Apurímac","Abancay","Pichirhua",257
"Apurímac","Abancay","San Pedro de Cachora",258
"Apurímac","Abancay","Tamburco",259
"Apurímac","Andahuaylas","Andahuaylas",260
"Apurímac","Andahuaylas","Andarapa",261
"Apurímac","Andahuaylas","Chiara",262
"Apurímac","Andahuaylas","Huancarama",263
"Apurímac","Andahuaylas","Huancaray",264
"Apurímac","Andahuaylas","Huayana",265
"Apurímac","Andahuaylas","Kishuara",266
"Apurímac","Andahuaylas","Pacobamba",267
"Apurímac","Andahuaylas","Pacucha",268
"Apurímac","Andahuaylas","Pampachiri",269
"Apurímac","Andahuaylas","Pomacocha",270
"Apurímac","Andahuaylas","San Antonio de Cachi",271
"Apurímac","Andahuaylas","San Jerónimo",272
"Apurímac","Andahuaylas","San Miguel de Chaccrampa",273
"Apurímac","Andahuaylas","Santa María de Chicmo",274
"Apurímac","Andahuaylas","Talavera",275
"Apurímac","Andahuaylas","Tumay Huaraca",276
"Apurímac","Andahuaylas","Turpo",277
"Apurímac","Andahuaylas","Kaquiabamba",278
"Apurímac","Andahuaylas","José María Arguedas",279
"Apurímac","Antabamba","Antabamba",280
"Apurímac","Antabamba","El Oro",281
"Apurímac","Antabamba","Huaquirca",282
"Apurímac","Antabamba","Juan Espinoza Medrano",283
"Apurímac","Antabamba","Oropesa",284
"Apurímac","Antabamba","Pachaconas",285
"Apurímac","Antabamba","Sabaino",286
"Apurímac","Aymaraes","Chalhuanca",287
"Apurímac","Aymaraes","Capaya",288
"Apurímac","Aymaraes","Caraybamba",289
"Apurímac","Aymaraes","Chapimarca",290
"Apurímac","Aymaraes","Colcabamba",291
"Apurímac","Aymaraes","Cotaruse",292
"Apurímac","Aymaraes","Ihuayllo",293
"Apurímac","Aymaraes","Justo Apu Sahuaraura",294
"Apurímac","Aymaraes","Lucre",295
"Apurímac","Aymaraes","Pocohuanca",296
"Apurímac","Aymaraes","San Juan de Chacña",297
"Apurímac","Aymaraes","Sañayca",298
"Apurímac","Aymaraes","Soraya",299
"Apurímac","Aymaraes","Tapairihua",300
"Apurímac","Aymaraes","Tintay",301
"Apurímac","Aymaraes","Toraya",302
"Apurímac","Aymaraes","Yanaca",303
"Apurímac","Cotabambas","Tambobamba",304
"Apurímac","Cotabambas","Cotabambas",305
"Apurímac","Cotabambas","Coyllurqui",306
"Apurímac","Cotabambas","Haquira",307
"Apurímac","Cotabambas","Mara",308
"Apurímac","Cotabambas","Challhuahuacho",309
"Apurímac","Chincheros","Chincheros",310
"Apurímac","Chincheros","Anco_Huallo",311
"Apurímac","Chincheros","Cocharcas",312
"Apurímac","Chincheros","Huaccana",313
"Apurímac","Chincheros","Ocobamba",314
"Apurímac","Chincheros","Ongoy",315
"Apurímac","Chincheros","Uranmarca",316
"Apurímac","Chincheros","Ranracancha",317
"Apurímac","Chincheros","Rocchacc",318
"Apurímac","Chincheros","El Porvenir",319
"Apurímac","Grau","Chuquibambilla",320
"Apurímac","Grau","Curpahuasi",321
"Apurímac","Grau","Gamarra",322
"Apurímac","Grau","Huayllati",323
"Apurímac","Grau","Mamara",324
"Apurímac","Grau","Micaela Bastidas",325
"Apurímac","Grau","Pataypampa",326
"Apurímac","Grau","Progreso",327
"Apurímac","Grau","San Antonio",328
"Apurímac","Grau","Santa Rosa",329
"Apurímac","Grau","Turpay",330
"Apurímac","Grau","Vilcabamba",331
"Apurímac","Grau","Virundo",332
"Apurímac","Grau","Curasco",333
"Arequipa","Arequipa","Arequipa",334
"Arequipa","Arequipa","Alto Selva Alegre",335
"Arequipa","Arequipa","Cayma",336
"Arequipa","Arequipa","Cerro Colorado",337
"Arequipa","Arequipa","Characato",338
"Arequipa","Arequipa","Chiguata",339
"Arequipa","Arequipa","Jacobo Hunter",340
"Arequipa","Arequipa","La Joya",341
"Arequipa","Arequipa","Mariano Melgar",342
"Arequipa","Arequipa","Miraflores",343
"Arequipa","Arequipa","Mollebaya",344
"Arequipa","Arequipa","Paucarpata",345
"Arequipa","Arequipa","Pocsi",346
"Arequipa","Arequipa","Polobaya",347
"Arequipa","Arequipa","Quequeña",348
"Arequipa","Arequipa","Sabandia",349
"Arequipa","Arequipa","Sachaca",350
"Arequipa","Arequipa","San Juan de Siguas",351
"Arequipa","Arequipa","San Juan de Tarucani",352
"Arequipa","Arequipa","Santa Isabel de Siguas",353
"Arequipa","Arequipa","Santa Rita de Siguas",354
"Arequipa","Arequipa","Socabaya",355
"Arequipa","Arequipa","Tiabaya",356
"Arequipa","Arequipa","Uchumayo",357
"Arequipa","Arequipa","Vitor",358
"Arequipa","Arequipa","Yanahuara",359
"Arequipa","Arequipa","Yarabamba",360
"Arequipa","Arequipa","Yura",361
"Arequipa","Arequipa","José Luis Bustamante Y Rivero",362
"Arequipa","Camaná","Camaná",363
"Arequipa","Camaná","José María Quimper",364
"Arequipa","Camaná","Mariano Nicolás Valcárcel",365
"Arequipa","Camaná","Mariscal Cáceres",366
"Arequipa","Camaná","Nicolás de Pierola",367
"Arequipa","Camaná","Ocoña",368
"Arequipa","Camaná","Quilca",369
"Arequipa","Camaná","Samuel Pastor",370
"Arequipa","Caravelí","Caravelí",371
"Arequipa","Caravelí","Acarí",372
"Arequipa","Caravelí","Atico",373
"Arequipa","Caravelí","Atiquipa",374
"Arequipa","Caravelí","Bella Unión",375
"Arequipa","Caravelí","Cahuacho",376
"Arequipa","Caravelí","Chala",377
"Arequipa","Caravelí","Chaparra",378
"Arequipa","Caravelí","Huanuhuanu",379
"Arequipa","Caravelí","Jaqui",380
"Arequipa","Caravelí","Lomas",381
"Arequipa","Caravelí","Quicacha",382
"Arequipa","Caravelí","Yauca",383
"Arequipa","Castilla","Aplao",384
"Arequipa","Castilla","Andagua",385
"Arequipa","Castilla","Ayo",386
"Arequipa","Castilla","Chachas",387
"Arequipa","Castilla","Chilcaymarca",388
"Arequipa","Castilla","Choco",389
"Arequipa","Castilla","Huancarqui",390
"Arequipa","Castilla","Machaguay",391
"Arequipa","Castilla","Orcopampa",392
"Arequipa","Castilla","Pampacolca",393
"Arequipa","Castilla","Tipan",394
"Arequipa","Castilla","Uñon",395
"Arequipa","Castilla","Uraca",396
"Arequipa","Castilla","Viraco",397
"Arequipa","Caylloma","Chivay",398
"Arequipa","Caylloma","Achoma",399
"Arequipa","Caylloma","Cabanaconde",400
"Arequipa","Caylloma","Callalli",401
"Arequipa","Caylloma","Caylloma",402
"Arequipa","Caylloma","Coporaque",403
"Arequipa","Caylloma","Huambo",404
"Arequipa","Caylloma","Huanca",405
"Arequipa","Caylloma","Ichupampa",406
"Arequipa","Caylloma","Lari",407
"Arequipa","Caylloma","Lluta",408
"Arequipa","Caylloma","Maca",409
"Arequipa","Caylloma","Madrigal",410
"Arequipa","Caylloma","San Antonio de Chuca",411
"Arequipa","Caylloma","Sibayo",412
"Arequipa","Caylloma","Tapay",413
"Arequipa","Caylloma","Tisco",414
"Arequipa","Caylloma","Tuti",415
"Arequipa","Caylloma","Yanque",416
"Arequipa","Caylloma","Majes",417
"Arequipa","Condesuyos","Chuquibamba",418
"Arequipa","Condesuyos","Andaray",419
"Arequipa","Condesuyos","Cayarani",420
"Arequipa","Condesuyos","Chichas",421
"Arequipa","Condesuyos","Iray",422
"Arequipa","Condesuyos","Río Grande",423
"Arequipa","Condesuyos","Salamanca",424
"Arequipa","Condesuyos","Yanaquihua",425
"Arequipa","Islay","Mollendo",426
"Arequipa","Islay","Cocachacra",427
"Arequipa","Islay","Dean Valdivia",428
"Arequipa","Islay","Islay",429
"Arequipa","Islay","Mejia",430
"Arequipa","Islay","Punta de Bombón",431
"Arequipa","La Uniòn","Cotahuasi",432
"Arequipa","La Uniòn","Alca",433
"Arequipa","La Uniòn","Charcana",434
"Arequipa","La Uniòn","Huaynacotas",435
"Arequipa","La Uniòn","Pampamarca",436
"Arequipa","La Uniòn","Puyca",437
"Arequipa","La Uniòn","Quechualla",438
"Arequipa","La Uniòn","Sayla",439
"Arequipa","La Uniòn","Tauria",440
"Arequipa","La Uniòn","Tomepampa",441
"Arequipa","La Uniòn","Toro",442
"Ayacucho","Huamanga","Ayacucho",443
"Ayacucho","Huamanga","Acocro",444
"Ayacucho","Huamanga","Acos Vinchos",445
"Ayacucho","Huamanga","Carmen Alto",446
"Ayacucho","Huamanga","Chiara",447
"Ayacucho","Huamanga","Ocros",448
"Ayacucho","Huamanga","Pacaycasa",449
"Ayacucho","Huamanga","Quinua",450
"Ayacucho","Huamanga","San José de Ticllas",451
"Ayacucho","Huamanga","San Juan Bautista",452
"Ayacucho","Huamanga","Santiago de Pischa",453
"Ayacucho","Huamanga","Socos",454
"Ayacucho","Huamanga","Tambillo",455
"Ayacucho","Huamanga","Vinchos",456
"Ayacucho","Huamanga","Jesús Nazareno",457
"Ayacucho","Huamanga","Andrés Avelino Cáceres Dorregaray",458
"Ayacucho","Cangallo","Cangallo",459
"Ayacucho","Cangallo","Chuschi",460
"Ayacucho","Cangallo","Los Morochucos",461
"Ayacucho","Cangallo","María Parado de Bellido",462
"Ayacucho","Cangallo","Paras",463
"Ayacucho","Cangallo","Totos",464
"Ayacucho","Huanca Sancos","Sancos",465
"Ayacucho","Huanca Sancos","Carapo",466
"Ayacucho","Huanca Sancos","Sacsamarca",467
"Ayacucho","Huanca Sancos","Santiago de Lucanamarca",468
"Ayacucho","Huanta","Huanta",469
"Ayacucho","Huanta","Ayahuanco",470
"Ayacucho","Huanta","Huamanguilla",471
"Ayacucho","Huanta","Iguain",472
"Ayacucho","Huanta","Luricocha",473
"Ayacucho","Huanta","Santillana",474
"Ayacucho","Huanta","Sivia",475
"Ayacucho","Huanta","Llochegua",476
"Ayacucho","Huanta","Canayre",477
"Ayacucho","Huanta","Uchuraccay",478
"Ayacucho","Huanta","Pucacolpa",479
"Ayacucho","Huanta","Chaca",480
"Ayacucho","La Mar","San Miguel",481
"Ayacucho","La Mar","Anco",482
"Ayacucho","La Mar","Ayna",483
"Ayacucho","La Mar","Chilcas",484
"Ayacucho","La Mar","Chungui",485
"Ayacucho","La Mar","Luis Carranza",486
"Ayacucho","La Mar","Santa Rosa",487
"Ayacucho","La Mar","Tambo",488
"Ayacucho","La Mar","Samugari",489
"Ayacucho","La Mar","Anchihuay",490
"Ayacucho","Lucanas","Puquio",491
"Ayacucho","Lucanas","Aucara",492
"Ayacucho","Lucanas","Cabana",493
"Ayacucho","Lucanas","Carmen Salcedo",494
"Ayacucho","Lucanas","Chaviña",495
"Ayacucho","Lucanas","Chipao",496
"Ayacucho","Lucanas","Huac-Huas",497
"Ayacucho","Lucanas","Laramate",498
"Ayacucho","Lucanas","Leoncio Prado",499
"Ayacucho","Lucanas","Llauta",500
"Ayacucho","Lucanas","Lucanas",501
"Ayacucho","Lucanas","Ocaña",502
"Ayacucho","Lucanas","Otoca",503
"Ayacucho","Lucanas","Saisa",504
"Ayacucho","Lucanas","San Cristóbal",505
"Ayacucho","Lucanas","San Juan",506
"Ayacucho","Lucanas","San Pedro",507
"Ayacucho","Lucanas","San Pedro de Palco",508
"Ayacucho","Lucanas","Sancos",509
"Ayacucho","Lucanas","Santa Ana de Huaycahuacho",510
"Ayacucho","Lucanas","Santa Lucia",511
"Ayacucho","Parinacochas","Coracora",512
"Ayacucho","Parinacochas","Chumpi",513
"Ayacucho","Parinacochas","Coronel Castañeda",514
"Ayacucho","Parinacochas","Pacapausa",515
"Ayacucho","Parinacochas","Pullo",516
"Ayacucho","Parinacochas","Puyusca",517
"Ayacucho","Parinacochas","San Francisco de Ravacayco",518
"Ayacucho","Parinacochas","Upahuacho",519
"Ayacucho","Pàucar del Sara Sara","Pausa",520
"Ayacucho","Pàucar del Sara Sara","Colta",521
"Ayacucho","Pàucar del Sara Sara","Corculla",522
"Ayacucho","Pàucar del Sara Sara","Lampa",523
"Ayacucho","Pàucar del Sara Sara","Marcabamba",524
"Ayacucho","Pàucar del Sara Sara","Oyolo",525
"Ayacucho","Pàucar del Sara Sara","Pararca",526
"Ayacucho","Pàucar del Sara Sara","San Javier de Alpabamba",527
"Ayacucho","Pàucar del Sara Sara","San José de Ushua",528
"Ayacucho","Pàucar del Sara Sara","Sara Sara",529
"Ayacucho","Sucre","Querobamba",530
"Ayacucho","Sucre","Belén",531
"Ayacucho","Sucre","Chalcos",532
"Ayacucho","Sucre","Chilcayoc",533
"Ayacucho","Sucre","Huacaña",534
"Ayacucho","Sucre","Morcolla",535
"Ayacucho","Sucre","Paico",536
"Ayacucho","Sucre","San Pedro de Larcay",537
"Ayacucho","Sucre","San Salvador de Quije",538
"Ayacucho","Sucre","Santiago de Paucaray",539
"Ayacucho","Sucre","Soras",540
"Ayacucho","Víctor Fajardo","Huancapi",541
"Ayacucho","Víctor Fajardo","Alcamenca",542
"Ayacucho","Víctor Fajardo","Apongo",543
"Ayacucho","Víctor Fajardo","Asquipata",544
"Ayacucho","Víctor Fajardo","Canaria",545
"Ayacucho","Víctor Fajardo","Cayara",546
"Ayacucho","Víctor Fajardo","Colca",547
"Ayacucho","Víctor Fajardo","Huamanquiquia",548
"Ayacucho","Víctor Fajardo","Huancaraylla",549
"Ayacucho","Víctor Fajardo","Huaya",550
"Ayacucho","Víctor Fajardo","Sarhua",551
"Ayacucho","Víctor Fajardo","Vilcanchos",552
"Ayacucho","Vilcas Huamán","Vilcas Huaman",553
"Ayacucho","Vilcas Huamán","Accomarca",554
"Ayacucho","Vilcas Huamán","Carhuanca",555
"Ayacucho","Vilcas Huamán","Concepción",556
"Ayacucho","Vilcas Huamán","Huambalpa",557
"Ayacucho","Vilcas Huamán","Independencia",558
"Ayacucho","Vilcas Huamán","Saurama",559
"Ayacucho","Vilcas Huamán","Vischongo",560
"Cajamarca","Cajamarca","Cajamarca",561
"Cajamarca","Cajamarca","Asunción",562
"Cajamarca","Cajamarca","Chetilla",563
"Cajamarca","Cajamarca","Cospan",564
"Cajamarca","Cajamarca","Encañada",565
"Cajamarca","Cajamarca","Jesús",566
"Cajamarca","Cajamarca","Llacanora",567
"Cajamarca","Cajamarca","Los Baños del Inca",568
"Cajamarca","Cajamarca","Magdalena",569
"Cajamarca","Cajamarca","Matara",570
"Cajamarca","Cajamarca","Namora",571
"Cajamarca","Cajamarca","San Juan",572
"Cajamarca","Cajabamba","Cajabamba",573
"Cajamarca","Cajabamba","Cachachi",574
"Cajamarca","Cajabamba","Condebamba",575
"Cajamarca","Cajabamba","Sitacocha",576
"Cajamarca","Celendín","Celendín",577
"Cajamarca","Celendín","Chumuch",578
"Cajamarca","Celendín","Cortegana",579
"Cajamarca","Celendín","Huasmin",580
"Cajamarca","Celendín","Jorge Chávez",581
"Cajamarca","Celendín","José Gálvez",582
"Cajamarca","Celendín","Miguel Iglesias",583
"Cajamarca","Celendín","Oxamarca",584
"Cajamarca","Celendín","Sorochuco",585
"Cajamarca","Celendín","Sucre",586
"Cajamarca","Celendín","Utco",587
"Cajamarca","Celendín","La Libertad de Pallan",588
"Cajamarca","Chota","Chota",589
"Cajamarca","Chota","Anguia",590
"Cajamarca","Chota","Chadin",591
"Cajamarca","Chota","Chiguirip",592
"Cajamarca","Chota","Chimban",593
"Cajamarca","Chota","Choropampa",594
"Cajamarca","Chota","Cochabamba",595
"Cajamarca","Chota","Conchan",596
"Cajamarca","Chota","Huambos",597
"Cajamarca","Chota","Lajas",598
"Cajamarca","Chota","Llama",599
"Cajamarca","Chota","Miracosta",600
"Cajamarca","Chota","Paccha",601
"Cajamarca","Chota","Pion",602
"Cajamarca","Chota","Querocoto",603
"Cajamarca","Chota","San Juan de Licupis",604
"Cajamarca","Chota","Tacabamba",605
"Cajamarca","Chota","Tocmoche",606
"Cajamarca","Chota","Chalamarca",607
"Cajamarca","Contumazá","Contumaza",608
"Cajamarca","Contumazá","Chilete",609
"Cajamarca","Contumazá","Cupisnique",610
"Cajamarca","Contumazá","Guzmango",611
"Cajamarca","Contumazá","San Benito",612
"Cajamarca","Contumazá","Santa Cruz de Toledo",613
"Cajamarca","Contumazá","Tantarica",614
"Cajamarca","Contumazá","Yonan",615
"Cajamarca","Cutervo","Cutervo",616
"Cajamarca","Cutervo","Callayuc",617
"Cajamarca","Cutervo","Choros",618
"Cajamarca","Cutervo","Cujillo",619
"Cajamarca","Cutervo","La Ramada",620
"Cajamarca","Cutervo","Pimpingos",621
"Cajamarca","Cutervo","Querocotillo",622
"Cajamarca","Cutervo","San Andrés de Cutervo",623
"Cajamarca","Cutervo","San Juan de Cutervo",624
"Cajamarca","Cutervo","San Luis de Lucma",625
"Cajamarca","Cutervo","Santa Cruz",626
"Cajamarca","Cutervo","Santo Domingo de la Capilla",627
"Cajamarca","Cutervo","Santo Tomas",628
"Cajamarca","Cutervo","Socota",629
"Cajamarca","Cutervo","Toribio Casanova",630
"Cajamarca","Hualgayoc","Bambamarca",631
"Cajamarca","Hualgayoc","Chugur",632
"Cajamarca","Hualgayoc","Hualgayoc",633
"Cajamarca","Jaén","Jaén",634
"Cajamarca","Jaén","Bellavista",635
"Cajamarca","Jaén","Chontali",636
"Cajamarca","Jaén","Colasay",637
"Cajamarca","Jaén","Huabal",638
"Cajamarca","Jaén","Las Pirias",639
"Cajamarca","Jaén","Pomahuaca",640
"Cajamarca","Jaén","Pucara",641
"Cajamarca","Jaén","Sallique",642
"Cajamarca","Jaén","San Felipe",643
"Cajamarca","Jaén","San José del Alto",644
"Cajamarca","Jaén","Santa Rosa",645
"Cajamarca","San Ignacio","San Ignacio",646
"Cajamarca","San Ignacio","Chirinos",647
"Cajamarca","San Ignacio","Huarango",648
"Cajamarca","San Ignacio","La Coipa",649
"Cajamarca","San Ignacio","Namballe",650
"Cajamarca","San Ignacio","San José de Lourdes",651
"Cajamarca","San Ignacio","Tabaconas",652
"Cajamarca","San Marcos","Pedro Gálvez",653
"Cajamarca","San Marcos","Chancay",654
"Cajamarca","San Marcos","Eduardo Villanueva",655
"Cajamarca","San Marcos","Gregorio Pita",656
"Cajamarca","San Marcos","Ichocan",657
"Cajamarca","San Marcos","José Manuel Quiroz",658
"Cajamarca","San Marcos","José Sabogal",659
"Cajamarca","San Miguel","San Miguel",660
"Cajamarca","San Miguel","Bolívar",661
"Cajamarca","San Miguel","Calquis",662
"Cajamarca","San Miguel","Catilluc",663
"Cajamarca","San Miguel","El Prado",664
"Cajamarca","San Miguel","La Florida",665
"Cajamarca","San Miguel","Llapa",666
"Cajamarca","San Miguel","Nanchoc",667
"Cajamarca","San Miguel","Niepos",668
"Cajamarca","San Miguel","San Gregorio",669
"Cajamarca","San Miguel","San Silvestre de Cochan",670
"Cajamarca","San Miguel","Tongod",671
"Cajamarca","San Miguel","Unión Agua Blanca",672
"Cajamarca","San Pablo","San Pablo",673
"Cajamarca","San Pablo","San Bernardino",674
"Cajamarca","San Pablo","San Luis",675
"Cajamarca","San Pablo","Tumbaden",676
"Cajamarca","Santa Cruz","Santa Cruz",677
"Cajamarca","Santa Cruz","Andabamba",678
"Cajamarca","Santa Cruz","Catache",679
"Cajamarca","Santa Cruz","Chancaybaños",680
"Cajamarca","Santa Cruz","La Esperanza",681
"Cajamarca","Santa Cruz","Ninabamba",682
"Cajamarca","Santa Cruz","Pulan",683
"Cajamarca","Santa Cruz","Saucepampa",684
"Cajamarca","Santa Cruz","Sexi",685
"Cajamarca","Santa Cruz","Uticyacu",686
"Cajamarca","Santa Cruz","Yauyucan",687
"Callao","Prov. Const. del Callao","Callao",688
"Callao","Prov. Const. del Callao","Bellavista",689
"Callao","Prov. Const. del Callao","Carmen de la Legua Reynoso",690
"Callao","Prov. Const. del Callao","La Perla",691
"Callao","Prov. Const. del Callao","La Punta",692
"Callao","Prov. Const. del Callao","Ventanilla",693
"Callao","Prov. Const. del Callao","Mi Perú",694
"Cusco","Cusco","Cusco",695
"Cusco","Cusco","Ccorca",696
"Cusco","Cusco","Poroy",697
"Cusco","Cusco","San Jerónimo",698
"Cusco","Cusco","San Sebastian",699
"Cusco","Cusco","Santiago",700
"Cusco","Cusco","Saylla",701
"Cusco","Cusco","Wanchaq",702
"Cusco","Acomayo","Acomayo",703
"Cusco","Acomayo","Acopia",704
"Cusco","Acomayo","Acos",705
"Cusco","Acomayo","Mosoc Llacta",706
"Cusco","Acomayo","Pomacanchi",707
"Cusco","Acomayo","Rondocan",708
"Cusco","Acomayo","Sangarara",709
"Cusco","Anta","Anta",710
"Cusco","Anta","Ancahuasi",711
"Cusco","Anta","Cachimayo",712
"Cusco","Anta","Chinchaypujio",713
"Cusco","Anta","Huarocondo",714
"Cusco","Anta","Limatambo",715
"Cusco","Anta","Mollepata",716
"Cusco","Anta","Pucyura",717
"Cusco","Anta","Zurite",718
"Cusco","Calca","Calca",719
"Cusco","Calca","Coya",720
"Cusco","Calca","Lamay",721
"Cusco","Calca","Lares",722
"Cusco","Calca","Pisac",723
"Cusco","Calca","San Salvador",724
"Cusco","Calca","Taray",725
"Cusco","Calca","Yanatile",726
"Cusco","Canas","Yanaoca",727
"Cusco","Canas","Checca",728
"Cusco","Canas","Kunturkanki",729
"Cusco","Canas","Langui",730
"Cusco","Canas","Layo",731
"Cusco","Canas","Pampamarca",732
"Cusco","Canas","Quehue",733
"Cusco","Canas","Tupac Amaru",734
"Cusco","Canchis","Sicuani",735
"Cusco","Canchis","Checacupe",736
"Cusco","Canchis","Combapata",737
"Cusco","Canchis","Marangani",738
"Cusco","Canchis","Pitumarca",739
"Cusco","Canchis","San Pablo",740
"Cusco","Canchis","San Pedro",741
"Cusco","Canchis","Tinta",742
"Cusco","Chumbivilcas","Santo Tomas",743
"Cusco","Chumbivilcas","Capacmarca",744
"Cusco","Chumbivilcas","Chamaca",745
"Cusco","Chumbivilcas","Colquemarca",746
"Cusco","Chumbivilcas","Livitaca",747
"Cusco","Chumbivilcas","Llusco",748
"Cusco","Chumbivilcas","Quiñota",749
"Cusco","Chumbivilcas","Velille",750
"Cusco","Espinar","Espinar",751
"Cusco","Espinar","Condoroma",752
"Cusco","Espinar","Coporaque",753
"Cusco","Espinar","Ocoruro",754
"Cusco","Espinar","Pallpata",755
"Cusco","Espinar","Pichigua",756
"Cusco","Espinar","Suyckutambo",757
"Cusco","Espinar","Alto Pichigua",758
"Cusco","La Convención","Santa Ana",759
"Cusco","La Convención","Echarate",760
"Cusco","La Convención","Huayopata",761
"Cusco","La Convención","Maranura",762
"Cusco","La Convención","Ocobamba",763
"Cusco","La Convención","Quellouno",764
"Cusco","La Convención","Kimbiri",765
"Cusco","La Convención","Santa Teresa",766
"Cusco","La Convención","Vilcabamba",767
"Cusco","La Convención","Pichari",768
"Cusco","La Convención","Inkawasi",769
"Cusco","La Convención","Villa Virgen",770
"Cusco","La Convención","Villa Kintiarina",771
"Cusco","Paruro","Paruro",772
"Cusco","Paruro","Accha",773
"Cusco","Paruro","Ccapi",774
"Cusco","Paruro","Colcha",775
"Cusco","Paruro","Huanoquite",776
"Cusco","Paruro","Omacha",777
"Cusco","Paruro","Paccaritambo",778
"Cusco","Paruro","Pillpinto",779
"Cusco","Paruro","Yaurisque",780
"Cusco","Paucartambo","Paucartambo",781
"Cusco","Paucartambo","Caicay",782
"Cusco","Paucartambo","Challabamba",783
"Cusco","Paucartambo","Colquepata",784
"Cusco","Paucartambo","Huancarani",785
"Cusco","Paucartambo","Kosñipata",786
"Cusco","Quispicanchi","Urcos",787
"Cusco","Quispicanchi","Andahuaylillas",788
"Cusco","Quispicanchi","Camanti",789
"Cusco","Quispicanchi","Ccarhuayo",790
"Cusco","Quispicanchi","Ccatca",791
"Cusco","Quispicanchi","Cusipata",792
"Cusco","Quispicanchi","Huaro",793
"Cusco","Quispicanchi","Lucre",794
"Cusco","Quispicanchi","Marcapata",795
"Cusco","Quispicanchi","Ocongate",796
"Cusco","Quispicanchi","Oropesa",797
"Cusco","Quispicanchi","Quiquijana",798
"Cusco","Urubamba","Urubamba",799
"Cusco","Urubamba","Chinchero",800
"Cusco","Urubamba","Huayllabamba",801
"Cusco","Urubamba","Machupicchu",802
"Cusco","Urubamba","Maras",803
"Cusco","Urubamba","Ollantaytambo",804
"Cusco","Urubamba","Yucay",805
"Huancavelica","Huancavelica","Huancavelica",806
"Huancavelica","Huancavelica","Acobambilla",807
"Huancavelica","Huancavelica","Acoria",808
"Huancavelica","Huancavelica","Conayca",809
"Huancavelica","Huancavelica","Cuenca",810
"Huancavelica","Huancavelica","Huachocolpa",811
"Huancavelica","Huancavelica","Huayllahuara",812
"Huancavelica","Huancavelica","Izcuchaca",813
"Huancavelica","Huancavelica","Laria",814
"Huancavelica","Huancavelica","Manta",815
"Huancavelica","Huancavelica","Mariscal Cáceres",816
"Huancavelica","Huancavelica","Moya",817
"Huancavelica","Huancavelica","Nuevo Occoro",818
"Huancavelica","Huancavelica","Palca",819
"Huancavelica","Huancavelica","Pilchaca",820
"Huancavelica","Huancavelica","Vilca",821
"Huancavelica","Huancavelica","Yauli",822
"Huancavelica","Huancavelica","Ascensión",823
"Huancavelica","Huancavelica","Huando",824
"Huancavelica","Acobamba","Acobamba",825
"Huancavelica","Acobamba","Andabamba",826
"Huancavelica","Acobamba","Anta",827
"Huancavelica","Acobamba","Caja",828
"Huancavelica","Acobamba","Marcas",829
"Huancavelica","Acobamba","Paucara",830
"Huancavelica","Acobamba","Pomacocha",831
"Huancavelica","Acobamba","Rosario",832
"Huancavelica","Angaraes","Lircay",833
"Huancavelica","Angaraes","Anchonga",834
"Huancavelica","Angaraes","Callanmarca",835
"Huancavelica","Angaraes","Ccochaccasa",836
"Huancavelica","Angaraes","Chincho",837
"Huancavelica","Angaraes","Congalla",838
"Huancavelica","Angaraes","Huanca-Huanca",839
"Huancavelica","Angaraes","Huayllay Grande",840
"Huancavelica","Angaraes","Julcamarca",841
"Huancavelica","Angaraes","San Antonio de Antaparco",842
"Huancavelica","Angaraes","Santo Tomas de Pata",843
"Huancavelica","Angaraes","Secclla",844
"Huancavelica","Castrovirreyna","Castrovirreyna",845
"Huancavelica","Castrovirreyna","Arma",846
"Huancavelica","Castrovirreyna","Aurahua",847
"Huancavelica","Castrovirreyna","Capillas",848
"Huancavelica","Castrovirreyna","Chupamarca",849
"Huancavelica","Castrovirreyna","Cocas",850
"Huancavelica","Castrovirreyna","Huachos",851
"Huancavelica","Castrovirreyna","Huamatambo",852
"Huancavelica","Castrovirreyna","Mollepampa",853
"Huancavelica","Castrovirreyna","San Juan",854
"Huancavelica","Castrovirreyna","Santa Ana",855
"Huancavelica","Castrovirreyna","Tantara",856
"Huancavelica","Castrovirreyna","Ticrapo",857
"Huancavelica","Churcampa","Churcampa",858
"Huancavelica","Churcampa","Anco",859
"Huancavelica","Churcampa","Chinchihuasi",860
"Huancavelica","Churcampa","El Carmen",861
"Huancavelica","Churcampa","La Merced",862
"Huancavelica","Churcampa","Locroja",863
"Huancavelica","Churcampa","Paucarbamba",864
"Huancavelica","Churcampa","San Miguel de Mayocc",865
"Huancavelica","Churcampa","San Pedro de Coris",866
"Huancavelica","Churcampa","Pachamarca",867
"Huancavelica","Churcampa","Cosme",868
"Huancavelica","Huaytará","Huaytara",869
"Huancavelica","Huaytará","Ayavi",870
"Huancavelica","Huaytará","Córdova",871
"Huancavelica","Huaytará","Huayacundo Arma",872
"Huancavelica","Huaytará","Laramarca",873
"Huancavelica","Huaytará","Ocoyo",874
"Huancavelica","Huaytará","Pilpichaca",875
"Huancavelica","Huaytará","Querco",876
"Huancavelica","Huaytará","Quito-Arma",877
"Huancavelica","Huaytará","San Antonio de Cusicancha",878
"Huancavelica","Huaytará","San Francisco de Sangayaico",879
"Huancavelica","Huaytará","San Isidro",880
"Huancavelica","Huaytará","Santiago de Chocorvos",881
"Huancavelica","Huaytará","Santiago de Quirahuara",882
"Huancavelica","Huaytará","Santo Domingo de Capillas",883
"Huancavelica","Huaytará","Tambo",884
"Huancavelica","Tayacaja","Pampas",885
"Huancavelica","Tayacaja","Acostambo",886
"Huancavelica","Tayacaja","Acraquia",887
"Huancavelica","Tayacaja","Ahuaycha",888
"Huancavelica","Tayacaja","Colcabamba",889
"Huancavelica","Tayacaja","Daniel Hernández",890
"Huancavelica","Tayacaja","Huachocolpa",891
"Huancavelica","Tayacaja","Huaribamba",892
"Huancavelica","Tayacaja","Ñahuimpuquio",893
"Huancavelica","Tayacaja","Pazos",894
"Huancavelica","Tayacaja","Quishuar",895
"Huancavelica","Tayacaja","Salcabamba",896
"Huancavelica","Tayacaja","Salcahuasi",897
"Huancavelica","Tayacaja","San Marcos de Rocchac",898
"Huancavelica","Tayacaja","Surcubamba",899
"Huancavelica","Tayacaja","Tintay Puncu",900
"Huancavelica","Tayacaja","Quichuas",901
"Huancavelica","Tayacaja","Andaymarca",902
"Huancavelica","Tayacaja","Roble",903
"Huancavelica","Tayacaja","Pichos",904
"Huánuco","Huánuco","Huanuco",905
"Huánuco","Huánuco","Amarilis",906
"Huánuco","Huánuco","Chinchao",907
"Huánuco","Huánuco","Churubamba",908
"Huánuco","Huánuco","Margos",909
"Huánuco","Huánuco","Quisqui (Kichki)",910
"Huánuco","Huánuco","San Francisco de Cayran",911
"Huánuco","Huánuco","San Pedro de Chaulan",912
"Huánuco","Huánuco","Santa María del Valle",913
"Huánuco","Huánuco","Yarumayo",914
"Huánuco","Huánuco","Pillco Marca",915
"Huánuco","Huánuco","Yacus",916
"Huánuco","Huánuco","San Pablo de Pillao",917
"Huánuco","Ambo","Ambo",918
"Huánuco","Ambo","Cayna",919
"Huánuco","Ambo","Colpas",920
"Huánuco","Ambo","Conchamarca",921
"Huánuco","Ambo","Huacar",922
"Huánuco","Ambo","San Francisco",923
"Huánuco","Ambo","San Rafael",924
"Huánuco","Ambo","Tomay Kichwa",925
"Huánuco","Dos de Mayo","La Unión",926
"Huánuco","Dos de Mayo","Chuquis",927
"Huánuco","Dos de Mayo","Marías",928
"Huánuco","Dos de Mayo","Pachas",929
"Huánuco","Dos de Mayo","Quivilla",930
"Huánuco","Dos de Mayo","Ripan",931
"Huánuco","Dos de Mayo","Shunqui",932
"Huánuco","Dos de Mayo","Sillapata",933
"Huánuco","Dos de Mayo","Yanas",934
"Huánuco","Huacaybamba","Huacaybamba",935
"Huánuco","Huacaybamba","Canchabamba",936
"Huánuco","Huacaybamba","Cochabamba",937
"Huánuco","Huacaybamba","Pinra",938
"Huánuco","Huamalíes","Llata",939
"Huánuco","Huamalíes","Arancay",940
"Huánuco","Huamalíes","Chavín de Pariarca",941
"Huánuco","Huamalíes","Jacas Grande",942
"Huánuco","Huamalíes","Jircan",943
"Huánuco","Huamalíes","Miraflores",944
"Huánuco","Huamalíes","Monzón",945
"Huánuco","Huamalíes","Punchao",946
"Huánuco","Huamalíes","Puños",947
"Huánuco","Huamalíes","Singa",948
"Huánuco","Huamalíes","Tantamayo",949
"Huánuco","Leoncio Prado","Rupa-Rupa",950
"Huánuco","Leoncio Prado","Daniel Alomía Robles",951
"Huánuco","Leoncio Prado","Hermílio Valdizan",952
"Huánuco","Leoncio Prado","José Crespo y Castillo",953
"Huánuco","Leoncio Prado","Luyando",954
"Huánuco","Leoncio Prado","Mariano Damaso Beraun",955
"Huánuco","Leoncio Prado","Pucayacu",956
"Huánuco","Leoncio Prado","Castillo Grande",957
"Huánuco","Marañón","Huacrachuco",958
"Huánuco","Marañón","Cholon",959
"Huánuco","Marañón","San Buenaventura",960
"Huánuco","Marañón","La Morada",961
"Huánuco","Marañón","Santa Rosa de Alto Yanajanca",962
"Huánuco","Pachitea","Panao",963
"Huánuco","Pachitea","Chaglla",964
"Huánuco","Pachitea","Molino",965
"Huánuco","Pachitea","Umari",966
"Huánuco","Puerto Inca","Puerto Inca",967
"Huánuco","Puerto Inca","Codo del Pozuzo",968
"Huánuco","Puerto Inca","Honoria",969
"Huánuco","Puerto Inca","Tournavista",970
"Huánuco","Puerto Inca","Yuyapichis",971
"Huánuco","Lauricocha","Jesús",972
"Huánuco","Lauricocha","Baños",973
"Huánuco","Lauricocha","Jivia",974
"Huánuco","Lauricocha","Queropalca",975
"Huánuco","Lauricocha","Rondos",976
"Huánuco","Lauricocha","San Francisco de Asís",977
"Huánuco","Lauricocha","San Miguel de Cauri",978
"Huánuco","Yarowilca","Chavinillo",979
"Huánuco","Yarowilca","Cahuac",980
"Huánuco","Yarowilca","Chacabamba",981
"Huánuco","Yarowilca","Aparicio Pomares",982
"Huánuco","Yarowilca","Jacas Chico",983
"Huánuco","Yarowilca","Obas",984
"Huánuco","Yarowilca","Pampamarca",985
"Huánuco","Yarowilca","Choras",986
"Ica","Ica","Ica",987
"Ica","Ica","La Tinguiña",988
"Ica","Ica","Los Aquijes",989
"Ica","Ica","Ocucaje",990
"Ica","Ica","Pachacutec",991
"Ica","Ica","Parcona",992
"Ica","Ica","Pueblo Nuevo",993
"Ica","Ica","Salas",994
"Ica","Ica","San José de Los Molinos",995
"Ica","Ica","San Juan Bautista",996
"Ica","Ica","Santiago",997
"Ica","Ica","Subtanjalla",998
"Ica","Ica","Tate",999
"Ica","Ica","Yauca del Rosario",1000
"Ica","Chincha","Chincha Alta",1001
"Ica","Chincha","Alto Laran",1002
"Ica","Chincha","Chavin",1003
"Ica","Chincha","Chincha Baja",1004
"Ica","Chincha","El Carmen",1005
"Ica","Chincha","Grocio Prado",1006
"Ica","Chincha","Pueblo Nuevo",1007
"Ica","Chincha","San Juan de Yanac",1008
"Ica","Chincha","San Pedro de Huacarpana",1009
"Ica","Chincha","Sunampe",1010
"Ica","Chincha","Tambo de Mora",1011
"Ica","Nasca","Nasca",1012
"Ica","Nasca","Changuillo",1013
"Ica","Nasca","El Ingenio",1014
"Ica","Nasca","Marcona",1015
"Ica","Nasca","Vista Alegre",1016
"Ica","Palpa","Palpa",1017
"Ica","Palpa","Llipata",1018
"Ica","Palpa","Río Grande",1019
"Ica","Palpa","Santa Cruz",1020
"Ica","Palpa","Tibillo",1021
"Ica","Pisco","Pisco",1022
"Ica","Pisco","Huancano",1023
"Ica","Pisco","Humay",1024
"Ica","Pisco","Independencia",1025
"Ica","Pisco","Paracas",1026
"Ica","Pisco","San Andrés",1027
"Ica","Pisco","San Clemente",1028
"Ica","Pisco","Tupac Amaru Inca",1029
"Junín","Huancayo","Huancayo",1030
"Junín","Huancayo","Carhuacallanga",1031
"Junín","Huancayo","Chacapampa",1032
"Junín","Huancayo","Chicche",1033
"Junín","Huancayo","Chilca",1034
"Junín","Huancayo","Chongos Alto",1035
"Junín","Huancayo","Chupuro",1036
"Junín","Huancayo","Colca",1037
"Junín","Huancayo","Cullhuas",1038
"Junín","Huancayo","El Tambo",1039
"Junín","Huancayo","Huacrapuquio",1040
"Junín","Huancayo","Hualhuas",1041
"Junín","Huancayo","Huancan",1042
"Junín","Huancayo","Huasicancha",1043
"Junín","Huancayo","Huayucachi",1044
"Junín","Huancayo","Ingenio",1045
"Junín","Huancayo","Pariahuanca",1046
"Junín","Huancayo","Pilcomayo",1047
"Junín","Huancayo","Pucara",1048
"Junín","Huancayo","Quichuay",1049
"Junín","Huancayo","Quilcas",1050
"Junín","Huancayo","San Agustín",1051
"Junín","Huancayo","San Jerónimo de Tunan",1052
"Junín","Huancayo","Saño",1053
"Junín","Huancayo","Sapallanga",1054
"Junín","Huancayo","Sicaya",1055
"Junín","Huancayo","Santo Domingo de Acobamba",1056
"Junín","Huancayo","Viques",1057
"Junín","Concepción","Concepción",1058
"Junín","Concepción","Aco",1059
"Junín","Concepción","Andamarca",1060
"Junín","Concepción","Chambara",1061
"Junín","Concepción","Cochas",1062
"Junín","Concepción","Comas",1063
"Junín","Concepción","Heroínas Toledo",1064
"Junín","Concepción","Manzanares",1065
"Junín","Concepción","Mariscal Castilla",1066
"Junín","Concepción","Matahuasi",1067
"Junín","Concepción","Mito",1068
"Junín","Concepción","Nueve de Julio",1069
"Junín","Concepción","Orcotuna",1070
"Junín","Concepción","San José de Quero",1071
"Junín","Concepción","Santa Rosa de Ocopa",1072
"Junín","Chanchamayo","Chanchamayo",1073
"Junín","Chanchamayo","Perene",1074
"Junín","Chanchamayo","Pichanaqui",1075
"Junín","Chanchamayo","San Luis de Shuaro",1076
"Junín","Chanchamayo","San Ramón",1077
"Junín","Chanchamayo","Vitoc",1078
"Junín","Jauja","Jauja",1079
"Junín","Jauja","Acolla",1080
"Junín","Jauja","Apata",1081
"Junín","Jauja","Ataura",1082
"Junín","Jauja","Canchayllo",1083
"Junín","Jauja","Curicaca",1084
"Junín","Jauja","El Mantaro",1085
"Junín","Jauja","Huamali",1086
"Junín","Jauja","Huaripampa",1087
"Junín","Jauja","Huertas",1088
"Junín","Jauja","Janjaillo",1089
"Junín","Jauja","Julcán",1090
"Junín","Jauja","Leonor Ordóñez",1091
"Junín","Jauja","Llocllapampa",1092
"Junín","Jauja","Marco",1093
"Junín","Jauja","Masma",1094
"Junín","Jauja","Masma Chicche",1095
"Junín","Jauja","Molinos",1096
"Junín","Jauja","Monobamba",1097
"Junín","Jauja","Muqui",1098
"Junín","Jauja","Muquiyauyo",1099
"Junín","Jauja","Paca",1100
"Junín","Jauja","Paccha",1101
"Junín","Jauja","Pancan",1102
"Junín","Jauja","Parco",1103
"Junín","Jauja","Pomacancha",1104
"Junín","Jauja","Ricran",1105
"Junín","Jauja","San Lorenzo",1106
"Junín","Jauja","San Pedro de Chunan",1107
"Junín","Jauja","Sausa",1108
"Junín","Jauja","Sincos",1109
"Junín","Jauja","Tunan Marca",1110
"Junín","Jauja","Yauli",1111
"Junín","Jauja","Yauyos",1112
"Junín","Junín","Junin",1113
"Junín","Junín","Carhuamayo",1114
"Junín","Junín","Ondores",1115
"Junín","Junín","Ulcumayo",1116
"Junín","Satipo","Satipo",1117
"Junín","Satipo","Coviriali",1118
"Junín","Satipo","Llaylla",1119
"Junín","Satipo","Mazamari",1120
"Junín","Satipo","Pampa Hermosa",1121
"Junín","Satipo","Pangoa",1122
"Junín","Satipo","Río Negro",1123
"Junín","Satipo","Río Tambo",1124
"Junín","Satipo","Vizcatan del Ene",1125
"Junín","Tarma","Tarma",1126
"Junín","Tarma","Acobamba",1127
"Junín","Tarma","Huaricolca",1128
"Junín","Tarma","Huasahuasi",1129
"Junín","Tarma","La Unión",1130
"Junín","Tarma","Palca",1131
"Junín","Tarma","Palcamayo",1132
"Junín","Tarma","San Pedro de Cajas",1133
"Junín","Tarma","Tapo",1134
"Junín","Yauli","La Oroya",1135
"Junín","Yauli","Chacapalpa",1136
"Junín","Yauli","Huay-Huay",1137
"Junín","Yauli","Marcapomacocha",1138
"Junín","Yauli","Morococha",1139
"Junín","Yauli","Paccha",1140
"Junín","Yauli","Santa Bárbara de Carhuacayan",1141
"Junín","Yauli","Santa Rosa de Sacco",1142
"Junín","Yauli","Suitucancha",1143
"Junín","Yauli","Yauli",1144
"Junín","Chupaca","Chupaca",1145
"Junín","Chupaca","Ahuac",1146
"Junín","Chupaca","Chongos Bajo",1147
"Junín","Chupaca","Huachac",1148
"Junín","Chupaca","Huamancaca Chico",1149
"Junín","Chupaca","San Juan de Iscos",1150
"Junín","Chupaca","San Juan de Jarpa",1151
"Junín","Chupaca","Tres de Diciembre",1152
"Junín","Chupaca","Yanacancha",1153
"La Libertad","Trujillo","Trujillo",1154
"La Libertad","Trujillo","El Porvenir",1155
"La Libertad","Trujillo","Florencia de Mora",1156
"La Libertad","Trujillo","Huanchaco",1157
"La Libertad","Trujillo","La Esperanza",1158
"La Libertad","Trujillo","Laredo",1159
"La Libertad","Trujillo","Moche",1160
"La Libertad","Trujillo","Poroto",1161
"La Libertad","Trujillo","Salaverry",1162
"La Libertad","Trujillo","Simbal",1163
"La Libertad","Trujillo","Victor Larco Herrera",1164
"La Libertad","Ascope","Ascope",1165
"La Libertad","Ascope","Chicama",1166
"La Libertad","Ascope","Chocope",1167
"La Libertad","Ascope","Magdalena de Cao",1168
"La Libertad","Ascope","Paijan",1169
"La Libertad","Ascope","Rázuri",1170
"La Libertad","Ascope","Santiago de Cao",1171
"La Libertad","Ascope","Casa Grande",1172
"La Libertad","Bolívar","Bolívar",1173
"La Libertad","Bolívar","Bambamarca",1174
"La Libertad","Bolívar","Condormarca",1175
"La Libertad","Bolívar","Longotea",1176
"La Libertad","Bolívar","Uchumarca",1177
"La Libertad","Bolívar","Ucuncha",1178
"La Libertad","Chepén","Chepen",1179
"La Libertad","Chepén","Pacanga",1180
"La Libertad","Chepén","Pueblo Nuevo",1181
"La Libertad","Julcán","Julcan",1182
"La Libertad","Julcán","Calamarca",1183
"La Libertad","Julcán","Carabamba",1184
"La Libertad","Julcán","Huaso",1185
"La Libertad","Otuzco","Otuzco",1186
"La Libertad","Otuzco","Agallpampa",1187
"La Libertad","Otuzco","Charat",1188
"La Libertad","Otuzco","Huaranchal",1189
"La Libertad","Otuzco","La Cuesta",1190
"La Libertad","Otuzco","Mache",1191
"La Libertad","Otuzco","Paranday",1192
"La Libertad","Otuzco","Salpo",1193
"La Libertad","Otuzco","Sinsicap",1194
"La Libertad","Otuzco","Usquil",1195
"La Libertad","Pacasmayo","San Pedro de Lloc",1196
"La Libertad","Pacasmayo","Guadalupe",1197
"La Libertad","Pacasmayo","Jequetepeque",1198
"La Libertad","Pacasmayo","Pacasmayo",1199
"La Libertad","Pacasmayo","San José",1200
"La Libertad","Pataz","Tayabamba",1201
"La Libertad","Pataz","Buldibuyo",1202
"La Libertad","Pataz","Chillia",1203
"La Libertad","Pataz","Huancaspata",1204
"La Libertad","Pataz","Huaylillas",1205
"La Libertad","Pataz","Huayo",1206
"La Libertad","Pataz","Ongon",1207
"La Libertad","Pataz","Parcoy",1208
"La Libertad","Pataz","Pataz",1209
"La Libertad","Pataz","Pias",1210
"La Libertad","Pataz","Santiago de Challas",1211
"La Libertad","Pataz","Taurija",1212
"La Libertad","Pataz","Urpay",1213
"La Libertad","Sánchez Carrión","Huamachuco",1214
"La Libertad","Sánchez Carrión","Chugay",1215
"La Libertad","Sánchez Carrión","Cochorco",1216
"La Libertad","Sánchez Carrión","Curgos",1217
"La Libertad","Sánchez Carrión","Marcabal",1218
"La Libertad","Sánchez Carrión","Sanagoran",1219
"La Libertad","Sánchez Carrión","Sarin",1220
"La Libertad","Sánchez Carrión","Sartimbamba",1221
"La Libertad","Santiago de Chuco","Santiago de Chuco",1222
"La Libertad","Santiago de Chuco","Angasmarca",1223
"La Libertad","Santiago de Chuco","Cachicadan",1224
"La Libertad","Santiago de Chuco","Mollebamba",1225
"La Libertad","Santiago de Chuco","Mollepata",1226
"La Libertad","Santiago de Chuco","Quiruvilca",1227
"La Libertad","Santiago de Chuco","Santa Cruz de Chuca",1228
"La Libertad","Santiago de Chuco","Sitabamba",1229
"La Libertad","Gran Chimú","Cascas",1230
"La Libertad","Gran Chimú","Lucma",1231
"La Libertad","Gran Chimú","Marmot",1232
"La Libertad","Gran Chimú","Sayapullo",1233
"La Libertad","Virú","Viru",1234
"La Libertad","Virú","Chao",1235
"La Libertad","Virú","Guadalupito",1236
"Lambayeque","Chiclayo","Chiclayo",1237
"Lambayeque","Chiclayo","Chongoyape",1238
"Lambayeque","Chiclayo","Eten",1239
"Lambayeque","Chiclayo","Eten Puerto",1240
"Lambayeque","Chiclayo","José Leonardo Ortiz",1241
"Lambayeque","Chiclayo","La Victoria",1242
"Lambayeque","Chiclayo","Lagunas",1243
"Lambayeque","Chiclayo","Monsefu",1244
"Lambayeque","Chiclayo","Nueva Arica",1245
"Lambayeque","Chiclayo","Oyotun",1246
"Lambayeque","Chiclayo","Picsi",1247
"Lambayeque","Chiclayo","Pimentel",1248
"Lambayeque","Chiclayo","Reque",1249
"Lambayeque","Chiclayo","Santa Rosa",1250
"Lambayeque","Chiclayo","Saña",1251
"Lambayeque","Chiclayo","Cayalti",1252
"Lambayeque","Chiclayo","Patapo",1253
"Lambayeque","Chiclayo","Pomalca",1254
"Lambayeque","Chiclayo","Pucala",1255
"Lambayeque","Chiclayo","Tuman",1256
"Lambayeque","Ferreñafe","Ferreñafe",1257
"Lambayeque","Ferreñafe","Cañaris",1258
"Lambayeque","Ferreñafe","Incahuasi",1259
"Lambayeque","Ferreñafe","Manuel Antonio Mesones Muro",1260
"Lambayeque","Ferreñafe","Pitipo",1261
"Lambayeque","Ferreñafe","Pueblo Nuevo",1262
"Lambayeque","Lambayeque","Lambayeque",1263
"Lambayeque","Lambayeque","Chochope",1264
"Lambayeque","Lambayeque","Illimo",1265
"Lambayeque","Lambayeque","Jayanca",1266
"Lambayeque","Lambayeque","Mochumi",1267
"Lambayeque","Lambayeque","Morrope",1268
"Lambayeque","Lambayeque","Motupe",1269
"Lambayeque","Lambayeque","Olmos",1270
"Lambayeque","Lambayeque","Pacora",1271
"Lambayeque","Lambayeque","Salas",1272
"Lambayeque","Lambayeque","San José",1273
"Lambayeque","Lambayeque","Tucume",1274
"Lima","Lima","Lima",1275
"Lima","Lima","Ancón",1276
"Lima","Lima","Ate",1277
"Lima","Lima","Barranco",1278
"Lima","Lima","Breña",1279
"Lima","Lima","Carabayllo",1280
"Lima","Lima","Chaclacayo",1281
"Lima","Lima","Chorrillos",1282
"Lima","Lima","Cieneguilla",1283
"Lima","Lima","Comas",1284
"Lima","Lima","El Agustino",1285
"Lima","Lima","Independencia",1286
"Lima","Lima","Jesús María",1287
"Lima","Lima","La Molina",1288
"Lima","Lima","La Victoria",1289
"Lima","Lima","Lince",1290
"Lima","Lima","Los Olivos",1291
"Lima","Lima","Lurigancho",1292
"Lima","Lima","Lurin",1293
"Lima","Lima","Magdalena del Mar",1294
"Lima","Lima","Pueblo Libre",1295
"Lima","Lima","Miraflores",1296
"Lima","Lima","Pachacamac",1297
"Lima","Lima","Pucusana",1298
"Lima","Lima","Puente Piedra",1299
"Lima","Lima","Punta Hermosa",1300
"Lima","Lima","Punta Negra",1301
"Lima","Lima","Rímac",1302
"Lima","Lima","San Bartolo",1303
"Lima","Lima","San Borja",1304
"Lima","Lima","San Isidro",1305
"Lima","Lima","San Juan de Lurigancho",1306
"Lima","Lima","San Juan de Miraflores",1307
"Lima","Lima","San Luis",1308
"Lima","Lima","San Martín de Porres",1309
"Lima","Lima","San Miguel",1310
"Lima","Lima","Santa Anita",1311
"Lima","Lima","Santa María del Mar",1312
"Lima","Lima","Santa Rosa",1313
"Lima","Lima","Santiago de Surco",1314
"Lima","Lima","Surquillo",1315
"Lima","Lima","Villa El Salvador",1316
"Lima","Lima","Villa María del Triunfo",1317
"Lima","Barranca","Barranca",1318
"Lima","Barranca","Paramonga",1319
"Lima","Barranca","Pativilca",1320
"Lima","Barranca","Supe",1321
"Lima","Barranca","Supe Puerto",1322
"Lima","Cajatambo","Cajatambo",1323
"Lima","Cajatambo","Copa",1324
"Lima","Cajatambo","Gorgor",1325
"Lima","Cajatambo","Huancapon",1326
"Lima","Cajatambo","Manas",1327
"Lima","Canta","Canta",1328
"Lima","Canta","Arahuay",1329
"Lima","Canta","Huamantanga",1330
"Lima","Canta","Huaros",1331
"Lima","Canta","Lachaqui",1332
"Lima","Canta","San Buenaventura",1333
"Lima","Canta","Santa Rosa de Quives",1334
"Lima","Cañete","San Vicente de Cañete",1335
"Lima","Cañete","Asia",1336
"Lima","Cañete","Calango",1337
"Lima","Cañete","Cerro Azul",1338
"Lima","Cañete","Chilca",1339
"Lima","Cañete","Coayllo",1340
"Lima","Cañete","Imperial",1341
"Lima","Cañete","Lunahuana",1342
"Lima","Cañete","Mala",1343
"Lima","Cañete","Nuevo Imperial",1344
"Lima","Cañete","Pacaran",1345
"Lima","Cañete","Quilmana",1346
"Lima","Cañete","San Antonio",1347
"Lima","Cañete","San Luis",1348
"Lima","Cañete","Santa Cruz de Flores",1349
"Lima","Cañete","Zúñiga",1350
"Lima","Huaral","Huaral",1351
"Lima","Huaral","Atavillos Alto",1352
"Lima","Huaral","Atavillos Bajo",1353
"Lima","Huaral","Aucallama",1354
"Lima","Huaral","Chancay",1355
"Lima","Huaral","Ihuari",1356
"Lima","Huaral","Lampian",1357
"Lima","Huaral","Pacaraos",1358
"Lima","Huaral","San Miguel de Acos",1359
"Lima","Huaral","Santa Cruz de Andamarca",1360
"Lima","Huaral","Sumbilca",1361
"Lima","Huaral","Veintisiete de Noviembre",1362
"Lima","Huarochirí","Matucana",1363
"Lima","Huarochirí","Antioquia",1364
"Lima","Huarochirí","Callahuanca",1365
"Lima","Huarochirí","Carampoma",1366
"Lima","Huarochirí","Chicla",1367
"Lima","Huarochirí","Cuenca",1368
"Lima","Huarochirí","Huachupampa",1369
"Lima","Huarochirí","Huanza",1370
"Lima","Huarochirí","Huarochiri",1371
"Lima","Huarochirí","Lahuaytambo",1372
"Lima","Huarochirí","Langa",1373
"Lima","Huarochirí","Laraos",1374
"Lima","Huarochirí","Mariatana",1375
"Lima","Huarochirí","Ricardo Palma",1376
"Lima","Huarochirí","San Andrés de Tupicocha",1377
"Lima","Huarochirí","San Antonio",1378
"Lima","Huarochirí","San Bartolomé",1379
"Lima","Huarochirí","San Damian",1380
"Lima","Huarochirí","San Juan de Iris",1381
"Lima","Huarochirí","San Juan de Tantaranche",1382
"Lima","Huarochirí","San Lorenzo de Quinti",1383
"Lima","Huarochirí","San Mateo",1384
"Lima","Huarochirí","San Mateo de Otao",1385
"Lima","Huarochirí","San Pedro de Casta",1386
"Lima","Huarochirí","San Pedro de Huancayre",1387
"Lima","Huarochirí","Sangallaya",1388
"Lima","Huarochirí","Santa Cruz de Cocachacra",1389
"Lima","Huarochirí","Santa Eulalia",1390
"Lima","Huarochirí","Santiago de Anchucaya",1391
"Lima","Huarochirí","Santiago de Tuna",1392
"Lima","Huarochirí","Santo Domingo de Los Olleros",1393
"Lima","Huarochirí","Surco",1394
"Lima","Huaura","Huacho",1395
"Lima","Huaura","Ambar",1396
"Lima","Huaura","Caleta de Carquin",1397
"Lima","Huaura","Checras",1398
"Lima","Huaura","Hualmay",1399
"Lima","Huaura","Huaura",1400
"Lima","Huaura","Leoncio Prado",1401
"Lima","Huaura","Paccho",1402
"Lima","Huaura","Santa Leonor",1403
"Lima","Huaura","Santa María",1404
"Lima","Huaura","Sayan",1405
"Lima","Huaura","Vegueta",1406
"Lima","Oyón","Oyon",1407
"Lima","Oyón","Andajes",1408
"Lima","Oyón","Caujul",1409
"Lima","Oyón","Cochamarca",1410
"Lima","Oyón","Navan",1411
"Lima","Oyón","Pachangara",1412
"Lima","Yauyos","Yauyos",1413
"Lima","Yauyos","Alis",1414
"Lima","Yauyos","Allauca",1415
"Lima","Yauyos","Ayaviri",1416
"Lima","Yauyos","Azángaro",1417
"Lima","Yauyos","Cacra",1418
"Lima","Yauyos","Carania",1419
"Lima","Yauyos","Catahuasi",1420
"Lima","Yauyos","Chocos",1421
"Lima","Yauyos","Cochas",1422
"Lima","Yauyos","Colonia",1423
"Lima","Yauyos","Hongos",1424
"Lima","Yauyos","Huampara",1425
"Lima","Yauyos","Huancaya",1426
"Lima","Yauyos","Huangascar",1427
"Lima","Yauyos","Huantan",1428
"Lima","Yauyos","Huañec",1429
"Lima","Yauyos","Laraos",1430
"Lima","Yauyos","Lincha",1431
"Lima","Yauyos","Madean",1432
"Lima","Yauyos","Miraflores",1433
"Lima","Yauyos","Omas",1434
"Lima","Yauyos","Putinza",1435
"Lima","Yauyos","Quinches",1436
"Lima","Yauyos","Quinocay",1437
"Lima","Yauyos","San Joaquín",1438
"Lima","Yauyos","San Pedro de Pilas",1439
"Lima","Yauyos","Tanta",1440
"Lima","Yauyos","Tauripampa",1441
"Lima","Yauyos","Tomas",1442
"Lima","Yauyos","Tupe",1443
"Lima","Yauyos","Viñac",1444
"Lima","Yauyos","Vitis",1445
"Loreto","Maynas","Iquitos",1446
"Loreto","Maynas","Alto Nanay",1447
"Loreto","Maynas","Fernando Lores",1448
"Loreto","Maynas","Indiana",1449
"Loreto","Maynas","Las Amazonas",1450
"Loreto","Maynas","Mazan",1451
"Loreto","Maynas","Napo",1452
"Loreto","Maynas","Punchana",1453
"Loreto","Maynas","Torres Causana",1454
"Loreto","Maynas","Belén",1455
"Loreto","Maynas","San Juan Bautista",1456
"Loreto","Alto Amazonas","Yurimaguas",1457
"Loreto","Alto Amazonas","Balsapuerto",1458
"Loreto","Alto Amazonas","Jeberos",1459
"Loreto","Alto Amazonas","Lagunas",1460
"Loreto","Alto Amazonas","Santa Cruz",1461
"Loreto","Alto Amazonas","Teniente Cesar López Rojas",1462
"Loreto","Loreto","Nauta",1463
"Loreto","Loreto","Parinari",1464
"Loreto","Loreto","Tigre",1465
"Loreto","Loreto","Trompeteros",1466
"Loreto","Loreto","Urarinas",1467
"Loreto","Mariscal Ramón Castilla","Ramón Castilla",1468
"Loreto","Mariscal Ramón Castilla","Pebas",1469
"Loreto","Mariscal Ramón Castilla","Yavari",1470
"Loreto","Mariscal Ramón Castilla","San Pablo",1471
"Loreto","Requena","Requena",1472
"Loreto","Requena","Alto Tapiche",1473
"Loreto","Requena","Capelo",1474
"Loreto","Requena","Emilio San Martín",1475
"Loreto","Requena","Maquia",1476
"Loreto","Requena","Puinahua",1477
"Loreto","Requena","Saquena",1478
"Loreto","Requena","Soplin",1479
"Loreto","Requena","Tapiche",1480
"Loreto","Requena","Jenaro Herrera",1481
"Loreto","Requena","Yaquerana",1482
"Loreto","Ucayali","Contamana",1483
"Loreto","Ucayali","Inahuaya",1484
"Loreto","Ucayali","Padre Márquez",1485
"Loreto","Ucayali","Pampa Hermosa",1486
"Loreto","Ucayali","Sarayacu",1487
"Loreto","Ucayali","Vargas Guerra",1488
"Loreto","Datem del Marañón","Barranca",1489
"Loreto","Datem del Marañón","Cahuapanas",1490
"Loreto","Datem del Marañón","Manseriche",1491
"Loreto","Datem del Marañón","Morona",1492
"Loreto","Datem del Marañón","Pastaza",1493
"Loreto","Datem del Marañón","Andoas",1494
"Loreto","Putumayo","Putumayo",1495
"Loreto","Putumayo","Rosa Panduro",1496
"Loreto","Putumayo","Teniente Manuel Clavero",1497
"Loreto","Putumayo","Yaguas",1498
"Madre de Dios","Tambopata","Tambopata",1499
"Madre de Dios","Tambopata","Inambari",1500
"Madre de Dios","Tambopata","Las Piedras",1501
"Madre de Dios","Tambopata","Laberinto",1502
"Madre de Dios","Manu","Manu",1503
"Madre de Dios","Manu","Fitzcarrald",1504
"Madre de Dios","Manu","Madre de Dios",1505
"Madre de Dios","Manu","Huepetuhe",1506
"Madre de Dios","Tahuamanu","Iñapari",1507
"Madre de Dios","Tahuamanu","Iberia",1508
"Madre de Dios","Tahuamanu","Tahuamanu",1509
"Moquegua","Mariscal Nieto","Moquegua",1510
"Moquegua","Mariscal Nieto","Carumas",1511
"Moquegua","Mariscal Nieto","Cuchumbaya",1512
"Moquegua","Mariscal Nieto","Samegua",1513
"Moquegua","Mariscal Nieto","San Cristóbal",1514
"Moquegua","Mariscal Nieto","Torata",1515
"Moquegua","General Sánchez Cerro","Omate",1516
"Moquegua","General Sánchez Cerro","Chojata",1517
"Moquegua","General Sánchez Cerro","Coalaque",1518
"Moquegua","General Sánchez Cerro","Ichuña",1519
"Moquegua","General Sánchez Cerro","La Capilla",1520
"Moquegua","General Sánchez Cerro","Lloque",1521
"Moquegua","General Sánchez Cerro","Matalaque",1522
"Moquegua","General Sánchez Cerro","Puquina",1523
"Moquegua","General Sánchez Cerro","Quinistaquillas",1524
"Moquegua","General Sánchez Cerro","Ubinas",1525
"Moquegua","General Sánchez Cerro","Yunga",1526
"Moquegua","Ilo","Ilo",1527
"Moquegua","Ilo","El Algarrobal",1528
"Moquegua","Ilo","Pacocha",1529
"Pasco","Pasco","Chaupimarca",1530
"Pasco","Pasco","Huachon",1531
"Pasco","Pasco","Huariaca",1532
"Pasco","Pasco","Huayllay",1533
"Pasco","Pasco","Ninacaca",1534
"Pasco","Pasco","Pallanchacra",1535
"Pasco","Pasco","Paucartambo",1536
"Pasco","Pasco","San Francisco de Asís de Yarusyacan",1537
"Pasco","Pasco","Simon Bolívar",1538
"Pasco","Pasco","Ticlacayan",1539
"Pasco","Pasco","Tinyahuarco",1540
"Pasco","Pasco","Vicco",1541
"Pasco","Pasco","Yanacancha",1542
"Pasco","Daniel Alcides Carrión","Yanahuanca",1543
"Pasco","Daniel Alcides Carrión","Chacayan",1544
"Pasco","Daniel Alcides Carrión","Goyllarisquizga",1545
"Pasco","Daniel Alcides Carrión","Paucar",1546
"Pasco","Daniel Alcides Carrión","San Pedro de Pillao",1547
"Pasco","Daniel Alcides Carrión","Santa Ana de Tusi",1548
"Pasco","Daniel Alcides Carrión","Tapuc",1549
"Pasco","Daniel Alcides Carrión","Vilcabamba",1550
"Pasco","Oxapampa","Oxapampa",1551
"Pasco","Oxapampa","Chontabamba",1552
"Pasco","Oxapampa","Huancabamba",1553
"Pasco","Oxapampa","Palcazu",1554
"Pasco","Oxapampa","Pozuzo",1555
"Pasco","Oxapampa","Puerto Bermúdez",1556
"Pasco","Oxapampa","Villa Rica",1557
"Pasco","Oxapampa","Constitución",1558
"Piura","Piura","Piura",1559
"Piura","Piura","Castilla",1560
"Piura","Piura","Catacaos",1561
"Piura","Piura","Cura Mori",1562
"Piura","Piura","El Tallan",1563
"Piura","Piura","La Arena",1564
"Piura","Piura","La Unión",1565
"Piura","Piura","Las Lomas",1566
"Piura","Piura","Tambo Grande",1567
"Piura","Piura","Veintiseis de Octubre",1568
"Piura","Ayabaca","Ayabaca",1569
"Piura","Ayabaca","Frias",1570
"Piura","Ayabaca","Jilili",1571
"Piura","Ayabaca","Lagunas",1572
"Piura","Ayabaca","Montero",1573
"Piura","Ayabaca","Pacaipampa",1574
"Piura","Ayabaca","Paimas",1575
"Piura","Ayabaca","Sapillica",1576
"Piura","Ayabaca","Sicchez",1577
"Piura","Ayabaca","Suyo",1578
"Piura","Huancabamba","Huancabamba",1579
"Piura","Huancabamba","Canchaque",1580
"Piura","Huancabamba","El Carmen de la Frontera",1581
"Piura","Huancabamba","Huarmaca",1582
"Piura","Huancabamba","Lalaquiz",1583
"Piura","Huancabamba","San Miguel de El Faique",1584
"Piura","Huancabamba","Sondor",1585
"Piura","Huancabamba","Sondorillo",1586
"Piura","Morropón","Chulucanas",1587
"Piura","Morropón","Buenos Aires",1588
"Piura","Morropón","Chalaco",1589
"Piura","Morropón","La Matanza",1590
"Piura","Morropón","Morropon",1591
"Piura","Morropón","Salitral",1592
"Piura","Morropón","San Juan de Bigote",1593
"Piura","Morropón","Santa Catalina de Mossa",1594
"Piura","Morropón","Santo Domingo",1595
"Piura","Morropón","Yamango",1596
"Piura","Paita","Paita",1597
"Piura","Paita","Amotape",1598
"Piura","Paita","Arenal",1599
"Piura","Paita","Colan",1600
"Piura","Paita","La Huaca",1601
"Piura","Paita","Tamarindo",1602
"Piura","Paita","Vichayal",1603
"Piura","Sullana","Sullana",1604
"Piura","Sullana","Bellavista",1605
"Piura","Sullana","Ignacio Escudero",1606
"Piura","Sullana","Lancones",1607
"Piura","Sullana","Marcavelica",1608
"Piura","Sullana","Miguel Checa",1609
"Piura","Sullana","Querecotillo",1610
"Piura","Sullana","Salitral",1611
"Piura","Talara","Pariñas",1612
"Piura","Talara","El Alto",1613
"Piura","Talara","La Brea",1614
"Piura","Talara","Lobitos",1615
"Piura","Talara","Los Organos",1616
"Piura","Talara","Mancora",1617
"Piura","Sechura","Sechura",1618
"Piura","Sechura","Bellavista de la Unión",1619
"Piura","Sechura","Bernal",1620
"Piura","Sechura","Cristo Nos Valga",1621
"Piura","Sechura","Vice",1622
"Piura","Sechura","Rinconada Llicuar",1623
"Puno","Puno","Puno",1624
"Puno","Puno","Acora",1625
"Puno","Puno","Amantani",1626
"Puno","Puno","Atuncolla",1627
"Puno","Puno","Capachica",1628
"Puno","Puno","Chucuito",1629
"Puno","Puno","Coata",1630
"Puno","Puno","Huata",1631
"Puno","Puno","Mañazo",1632
"Puno","Puno","Paucarcolla",1633
"Puno","Puno","Pichacani",1634
"Puno","Puno","Plateria",1635
"Puno","Puno","San Antonio",1636
"Puno","Puno","Tiquillaca",1637
"Puno","Puno","Vilque",1638
"Puno","Azángaro","Azángaro",1639
"Puno","Azángaro","Achaya",1640
"Puno","Azángaro","Arapa",1641
"Puno","Azángaro","Asillo",1642
"Puno","Azángaro","Caminaca",1643
"Puno","Azángaro","Chupa",1644
"Puno","Azángaro","José Domingo Choquehuanca",1645
"Puno","Azángaro","Muñani",1646
"Puno","Azángaro","Potoni",1647
"Puno","Azángaro","Saman",1648
"Puno","Azángaro","San Anton",1649
"Puno","Azángaro","San José",1650
"Puno","Azángaro","San Juan de Salinas",1651
"Puno","Azángaro","Santiago de Pupuja",1652
"Puno","Azángaro","Tirapata",1653
"Puno","Carabaya","Macusani",1654
"Puno","Carabaya","Ajoyani",1655
"Puno","Carabaya","Ayapata",1656
"Puno","Carabaya","Coasa",1657
"Puno","Carabaya","Corani",1658
"Puno","Carabaya","Crucero",1659
"Puno","Carabaya","Ituata",1660
"Puno","Carabaya","Ollachea",1661
"Puno","Carabaya","San Gaban",1662
"Puno","Carabaya","Usicayos",1663
"Puno","Chucuito","Juli",1664
"Puno","Chucuito","Desaguadero",1665
"Puno","Chucuito","Huacullani",1666
"Puno","Chucuito","Kelluyo",1667
"Puno","Chucuito","Pisacoma",1668
"Puno","Chucuito","Pomata",1669
"Puno","Chucuito","Zepita",1670
"Puno","El Collao","Ilave",1671
"Puno","El Collao","Capazo",1672
"Puno","El Collao","Pilcuyo",1673
"Puno","El Collao","Santa Rosa",1674
"Puno","El Collao","Conduriri",1675
"Puno","Huancané","Huancane",1676
"Puno","Huancané","Cojata",1677
"Puno","Huancané","Huatasani",1678
"Puno","Huancané","Inchupalla",1679
"Puno","Huancané","Pusi",1680
"Puno","Huancané","Rosaspata",1681
"Puno","Huancané","Taraco",1682
"Puno","Huancané","Vilque Chico",1683
"Puno","Lampa","Lampa",1684
"Puno","Lampa","Cabanilla",1685
"Puno","Lampa","Calapuja",1686
"Puno","Lampa","Nicasio",1687
"Puno","Lampa","Ocuviri",1688
"Puno","Lampa","Palca",1689
"Puno","Lampa","Paratia",1690
"Puno","Lampa","Pucara",1691
"Puno","Lampa","Santa Lucia",1692
"Puno","Lampa","Vilavila",1693
"Puno","Melgar","Ayaviri",1694
"Puno","Melgar","Antauta",1695
"Puno","Melgar","Cupi",1696
"Puno","Melgar","Llalli",1697
"Puno","Melgar","Macari",1698
"Puno","Melgar","Nuñoa",1699
"Puno","Melgar","Orurillo",1700
"Puno","Melgar","Santa Rosa",1701
"Puno","Melgar","Umachiri",1702
"Puno","Moho","Moho",1703
"Puno","Moho","Conima",1704
"Puno","Moho","Huayrapata",1705
"Puno","Moho","Tilali",1706
"Puno","San Antonio de Putina","Putina",1707
"Puno","San Antonio de Putina","Ananea",1708
"Puno","San Antonio de Putina","Pedro Vilca Apaza",1709
"Puno","San Antonio de Putina","Quilcapuncu",1710
"Puno","San Antonio de Putina","Sina",1711
"Puno","San Román","Juliaca",1712
"Puno","San Román","Cabana",1713
"Puno","San Román","Cabanillas",1714
"Puno","San Román","Caracoto",1715
"Puno","Sandia","Sandia",1716
"Puno","Sandia","Cuyocuyo",1717
"Puno","Sandia","Limbani",1718
"Puno","Sandia","Patambuco",1719
"Puno","Sandia","Phara",1720
"Puno","Sandia","Quiaca",1721
"Puno","Sandia","San Juan del Oro",1722
"Puno","Sandia","Yanahuaya",1723
"Puno","Sandia","Alto Inambari",1724
"Puno","Sandia","San Pedro de Putina Punco",1725
"Puno","Yunguyo","Yunguyo",1726
"Puno","Yunguyo","Anapia",1727
"Puno","Yunguyo","Copani",1728
"Puno","Yunguyo","Cuturapi",1729
"Puno","Yunguyo","Ollaraya",1730
"Puno","Yunguyo","Tinicachi",1731
"Puno","Yunguyo","Unicachi",1732
"San Martín","Moyobamba","Moyobamba",1733
"San Martín","Moyobamba","Calzada",1734
"San Martín","Moyobamba","Habana",1735
"San Martín","Moyobamba","Jepelacio",1736
"San Martín","Moyobamba","Soritor",1737
"San Martín","Moyobamba","Yantalo",1738
"San Martín","Bellavista","Bellavista",1739
"San Martín","Bellavista","Alto Biavo",1740
"San Martín","Bellavista","Bajo Biavo",1741
"San Martín","Bellavista","Huallaga",1742
"San Martín","Bellavista","San Pablo",1743
"San Martín","Bellavista","San Rafael",1744
"San Martín","El Dorado","San José de Sisa",1745
"San Martín","El Dorado","Agua Blanca",1746
"San Martín","El Dorado","San Martín",1747
"San Martín","El Dorado","Santa Rosa",1748
"San Martín","El Dorado","Shatoja",1749
"San Martín","Huallaga","Saposoa",1750
"San Martín","Huallaga","Alto Saposoa",1751
"San Martín","Huallaga","El Eslabón",1752
"San Martín","Huallaga","Piscoyacu",1753
"San Martín","Huallaga","Sacanche",1754
"San Martín","Huallaga","Tingo de Saposoa",1755
"San Martín","Lamas","Lamas",1756
"San Martín","Lamas","Alonso de Alvarado",1757
"San Martín","Lamas","Barranquita",1758
"San Martín","Lamas","Caynarachi",1759
"San Martín","Lamas","Cuñumbuqui",1760
"San Martín","Lamas","Pinto Recodo",1761
"San Martín","Lamas","Rumisapa",1762
"San Martín","Lamas","San Roque de Cumbaza",1763
"San Martín","Lamas","Shanao",1764
"San Martín","Lamas","Tabalosos",1765
"San Martín","Lamas","Zapatero",1766
"San Martín","Mariscal Cáceres","Juanjuí",1767
"San Martín","Mariscal Cáceres","Campanilla",1768
"San Martín","Mariscal Cáceres","Huicungo",1769
"San Martín","Mariscal Cáceres","Pachiza",1770
"San Martín","Mariscal Cáceres","Pajarillo",1771
"San Martín","Picota","Picota",1772
"San Martín","Picota","Buenos Aires",1773
"San Martín","Picota","Caspisapa",1774
"San Martín","Picota","Pilluana",1775
"San Martín","Picota","Pucacaca",1776
"San Martín","Picota","San Cristóbal",1777
"San Martín","Picota","San Hilarión",1778
"San Martín","Picota","Shamboyacu",1779
"San Martín","Picota","Tingo de Ponasa",1780
"San Martín","Picota","Tres Unidos",1781
"San Martín","Rioja","Rioja",1782
"San Martín","Rioja","Awajun",1783
"San Martín","Rioja","Elías Soplin Vargas",1784
"San Martín","Rioja","Nueva Cajamarca",1785
"San Martín","Rioja","Pardo Miguel",1786
"San Martín","Rioja","Posic",1787
"San Martín","Rioja","San Fernando",1788
"San Martín","Rioja","Yorongos",1789
"San Martín","Rioja","Yuracyacu",1790
"San Martín","San Martín","Tarapoto",1791
"San Martín","San Martín","Alberto Leveau",1792
"San Martín","San Martín","Cacatachi",1793
"San Martín","San Martín","Chazuta",1794
"San Martín","San Martín","Chipurana",1795
"San Martín","San Martín","El Porvenir",1796
"San Martín","San Martín","Huimbayoc",1797
"San Martín","San Martín","Juan Guerra",1798
"San Martín","San Martín","La Banda de Shilcayo",1799
"San Martín","San Martín","Morales",1800
"San Martín","San Martín","Papaplaya",1801
"San Martín","San Martín","San Antonio",1802
"San Martín","San Martín","Sauce",1803
"San Martín","San Martín","Shapaja",1804
"San Martín","Tocache","Tocache",1805
"San Martín","Tocache","Nuevo Progreso",1806
"San Martín","Tocache","Polvora",1807
"San Martín","Tocache","Shunte",1808
"San Martín","Tocache","Uchiza",1809
"Tacna","Tacna","Tacna",1810
"Tacna","Tacna","Alto de la Alianza",1811
"Tacna","Tacna","Calana",1812
"Tacna","Tacna","Ciudad Nueva",1813
"Tacna","Tacna","Inclan",1814
"Tacna","Tacna","Pachia",1815
"Tacna","Tacna","Palca",1816
"Tacna","Tacna","Pocollay",1817
"Tacna","Tacna","Sama",1818
"Tacna","Tacna","Coronel Gregorio Albarracín Lanchipa",1819
"Tacna","Tacna","La Yarada los Palos",1820
"Tacna","Candarave","Candarave",1821
"Tacna","Candarave","Cairani",1822
"Tacna","Candarave","Camilaca",1823
"Tacna","Candarave","Curibaya",1824
"Tacna","Candarave","Huanuara",1825
"Tacna","Candarave","Quilahuani",1826
"Tacna","Jorge Basadre","Locumba",1827
"Tacna","Jorge Basadre","Ilabaya",1828
"Tacna","Jorge Basadre","Ite",1829
"Tacna","Tarata","Tarata",1830
"Tacna","Tarata","Héroes Albarracín",1831
"Tacna","Tarata","Estique",1832
"Tacna","Tarata","Estique-Pampa",1833
"Tacna","Tarata","Sitajara",1834
"Tacna","Tarata","Susapaya",1835
"Tacna","Tarata","Tarucachi",1836
"Tacna","Tarata","Ticaco",1837
"Tumbes","Tumbes","Tumbes",1838
"Tumbes","Tumbes","Corrales",1839
"Tumbes","Tumbes","La Cruz",1840
"Tumbes","Tumbes","Pampas de Hospital",1841
"Tumbes","Tumbes","San Jacinto",1842
"Tumbes","Tumbes","San Juan de la Virgen",1843
"Tumbes","Contralmirante Villar","Zorritos",1844
"Tumbes","Contralmirante Villar","Casitas",1845
"Tumbes","Contralmirante Villar","Canoas de Punta Sal",1846
"Tumbes","Zarumilla","Zarumilla",1847
"Tumbes","Zarumilla","Aguas Verdes",1848
"Tumbes","Zarumilla","Matapalo",1849
"Tumbes","Zarumilla","Papayal",1850
"Ucayali","Coronel Portillo","Calleria",1851
"Ucayali","Coronel Portillo","Campoverde",1852
"Ucayali","Coronel Portillo","Iparia",1853
"Ucayali","Coronel Portillo","Masisea",1854
"Ucayali","Coronel Portillo","Yarinacocha",1855
"Ucayali","Coronel Portillo","Nueva Requena",1856
"Ucayali","Coronel Portillo","Manantay",1857
"Ucayali","Atalaya","Raymondi",1858
"Ucayali","Atalaya","Sepahua",1859
"Ucayali","Atalaya","Tahuania",1860
"Ucayali","Atalaya","Yurua",1861
"Ucayali","Padre Abad","Padre Abad",1862
"Ucayali","Padre Abad","Irazola",1863
"Ucayali","Padre Abad","Curimana",1864
"Ucayali","Padre Abad","Neshuya",1865
"Ucayali","Padre Abad","Alexander Von Humboldt",1866
"Ucayali","Purús","Purus",1867
